-- MySQL dump 10.13  Distrib 5.7.18, for Linux (x86_64)
--
-- Host: localhost    Database: livinglab
-- ------------------------------------------------------
-- Server version	5.7.18-0ubuntu0.16.04.1

/*!40101 SET @OLD_CHARACTER_SET_CLIENT=@@CHARACTER_SET_CLIENT */;
/*!40101 SET @OLD_CHARACTER_SET_RESULTS=@@CHARACTER_SET_RESULTS */;
/*!40101 SET @OLD_COLLATION_CONNECTION=@@COLLATION_CONNECTION */;
/*!40101 SET NAMES utf8 */;
/*!40103 SET @OLD_TIME_ZONE=@@TIME_ZONE */;
/*!40103 SET TIME_ZONE='+00:00' */;
/*!40014 SET @OLD_UNIQUE_CHECKS=@@UNIQUE_CHECKS, UNIQUE_CHECKS=0 */;
/*!40014 SET @OLD_FOREIGN_KEY_CHECKS=@@FOREIGN_KEY_CHECKS, FOREIGN_KEY_CHECKS=0 */;
/*!40101 SET @OLD_SQL_MODE=@@SQL_MODE, SQL_MODE='NO_AUTO_VALUE_ON_ZERO' */;
/*!40111 SET @OLD_SQL_NOTES=@@SQL_NOTES, SQL_NOTES=0 */;

--
-- Table structure for table `ALERT`
--

DROP TABLE IF EXISTS `ALERT`;
/*!40101 SET @saved_cs_client     = @@character_set_client */;
/*!40101 SET character_set_client = utf8 */;
CREATE TABLE `ALERT` (
  `ID_ALERT` int(11) NOT NULL AUTO_INCREMENT,
  `ID_ROOM` int(11) DEFAULT NULL,
  `MAIL_USER` varchar(50) DEFAULT NULL,
  `DTIME` datetime NOT NULL DEFAULT CURRENT_TIMESTAMP,
  `DETAIL` varchar(150) DEFAULT NULL,
  PRIMARY KEY (`ID_ALERT`)
) ENGINE=InnoDB AUTO_INCREMENT=432 DEFAULT CHARSET=latin1;
/*!40101 SET character_set_client = @saved_cs_client */;

--
-- Dumping data for table `ALERT`
--

LOCK TABLES `ALERT` WRITE;
/*!40000 ALTER TABLE `ALERT` DISABLE KEYS */;
INSERT INTO `ALERT` VALUES (1,NULL,NULL,'2017-05-23 17:22:41','Alerte mail déclenchée à cause de humidité en dehors des seuils'),(2,NULL,NULL,'2017-05-23 17:23:41','Alerte mail déclenchée à cause de humidité en dehors des seuils'),(3,NULL,NULL,'2017-05-23 17:24:41','Alerte mail déclenchée à cause de humidité en dehors des seuils'),(4,NULL,NULL,'2017-05-23 17:25:41','Alerte mail déclenchée à cause de humidité en dehors des seuils'),(5,NULL,NULL,'2017-05-24 08:36:42','Alerte mail déclenchée à cause de CO2 au dessus du seuil maximum'),(6,NULL,NULL,'2017-05-24 08:37:42','Alerte mail déclenchée à cause de CO2 au dessus du seuil maximum'),(7,NULL,NULL,'2017-05-24 08:37:42','Alerte mail déclenchée à cause de hausse de température de 3deg en moins de 5 minutes'),(8,NULL,NULL,'2017-05-24 08:38:42','Alerte mail déclenchée à cause de CO2 au dessus du seuil maximum'),(9,NULL,NULL,'2017-05-24 08:40:42','Alerte mail déclenchée à cause de CO2 au dessus du seuil maximum'),(10,NULL,NULL,'2017-05-24 08:51:42','Alerte mail déclenchée à cause de CO2 au dessus du seuil maximum'),(11,NULL,NULL,'2017-05-24 08:51:46','Alerte mail déclenchée à cause de CO2 au dessus du seuil maximum'),(12,NULL,NULL,'2017-05-24 08:51:46','Alerte mail déclenchée à cause de température en dehors des seuils'),(13,NULL,NULL,'2017-05-24 08:51:46','Alerte mail déclenchée à cause de hausse de température de 3deg en moins de 5 minutes'),(14,NULL,NULL,'2017-05-24 08:52:42','Alerte mail déclenchée à cause de CO2 au dessus du seuil maximum'),(15,NULL,NULL,'2017-05-24 08:52:46','Alerte mail déclenchée à cause de CO2 au dessus du seuil maximum'),(16,NULL,NULL,'2017-05-24 08:52:46','Alerte mail déclenchée à cause de température en dehors des seuils'),(17,NULL,NULL,'2017-05-24 08:52:46','Alerte mail déclenchée à cause de hausse de température de 3deg en moins de 5 minutes'),(18,NULL,NULL,'2017-05-24 08:53:46','Alerte mail déclenchée à cause de CO2 au dessus du seuil maximum'),(19,NULL,NULL,'2017-05-24 08:53:46','Alerte mail déclenchée à cause de température en dehors des seuils'),(20,NULL,NULL,'2017-05-24 08:53:46','Alerte mail déclenchée à cause de hausse de température de 3deg en moins de 5 minutes'),(21,NULL,NULL,'2017-05-24 08:59:42','Alerte mail déclenchée à cause de CO2 au dessus du seuil maximum'),(22,NULL,NULL,'2017-05-24 08:59:42','Alerte mail déclenchée à cause de hausse de température de 3deg en moins de 5 minutes'),(23,NULL,NULL,'2017-05-24 08:59:46','Alerte mail déclenchée à cause de CO2 au dessus du seuil maximum'),(24,NULL,NULL,'2017-05-24 08:59:46','Alerte mail déclenchée à cause de température en dehors des seuils'),(25,NULL,NULL,'2017-05-24 08:59:46','Alerte mail déclenchée à cause de hausse de température de 3deg en moins de 5 minutes'),(26,NULL,NULL,'2017-05-24 09:01:42','Alerte mail déclenchée à cause de CO2 au dessus du seuil maximum'),(27,NULL,NULL,'2017-05-24 09:01:42','Alerte mail déclenchée à cause de hausse de température de 3deg en moins de 5 minutes'),(28,NULL,NULL,'2017-05-24 09:10:42','Alerte mail déclenchée à cause de CO2 au dessus du seuil maximum au LivingLab de Brest'),(29,NULL,NULL,'2017-05-24 09:11:42','Alerte mail déclenchée à cause de CO2 au dessus du seuil maximum au LivingLab de Brest'),(30,NULL,NULL,'2017-05-24 09:11:46','Alerte mail déclenchée à cause de CO2 au dessus du seuil maximum'),(31,NULL,NULL,'2017-05-24 09:11:46','Alerte mail déclenchée à cause de température en dehors des seuils'),(32,NULL,NULL,'2017-05-24 09:12:42','Alerte mail déclenchée à cause de CO2 au dessus du seuil maximum au LivingLab de Brest'),(33,NULL,NULL,'2017-05-24 09:12:46','Alerte mail déclenchée à cause de CO2 au dessus du seuil maximum'),(34,NULL,NULL,'2017-05-24 09:12:46','Alerte mail déclenchée à cause de température en dehors des seuils'),(35,NULL,NULL,'2017-05-24 09:13:42','Alerte mail déclenchée à cause de CO2 au dessus du seuil maximum au LivingLab de Brest'),(36,NULL,NULL,'2017-05-24 09:13:46','Alerte mail déclenchée à cause de CO2 au dessus du seuil maximum'),(37,NULL,NULL,'2017-05-24 09:13:46','Alerte mail déclenchée à cause de température en dehors des seuils'),(38,NULL,NULL,'2017-05-24 09:14:42','Alerte mail déclenchée à cause de CO2 au dessus du seuil maximum au LivingLab de Brest'),(39,NULL,NULL,'2017-05-24 09:16:42','Alerte mail déclenchée à cause de CO2 au dessus du seuil maximum au LivingLab de Brest'),(40,NULL,NULL,'2017-05-24 09:16:46','Alerte mail déclenchée à cause de CO2 au dessus du seuil maximum'),(41,NULL,NULL,'2017-05-24 09:16:46','Alerte mail déclenchée à cause de température en dehors des seuils'),(42,NULL,NULL,'2017-05-24 09:27:42','Alerte mail déclenchée à cause de CO2 au dessus du seuil maximum au LivingLab de Brest'),(43,NULL,NULL,'2017-05-24 09:28:42','Alerte mail déclenchée à cause de CO2 au dessus du seuil maximum au LivingLab de Brest'),(44,NULL,NULL,'2017-05-24 09:30:42','Alerte mail déclenchée à cause de CO2 au dessus du seuil maximum au LivingLab de Brest'),(45,NULL,NULL,'2017-05-24 09:30:46','Alerte mail déclenchée à cause de CO2 au dessus du seuil maximum'),(46,NULL,NULL,'2017-05-24 09:30:46','Alerte mail déclenchée à cause de température en dehors des seuils'),(47,NULL,NULL,'2017-05-24 09:31:43','Alerte mail déclenchée à cause de CO2 au dessus du seuil maximum au LivingLab de Brest'),(48,NULL,NULL,'2017-05-24 09:32:42','Alerte mail déclenchée à cause de CO2 au dessus du seuil maximum au LivingLab de Brest'),(49,NULL,NULL,'2017-05-24 09:33:42','Alerte mail déclenchée à cause de CO2 au dessus du seuil maximum au LivingLab de Brest'),(50,NULL,NULL,'2017-05-24 09:33:46','Alerte mail déclenchée à cause de CO2 au dessus du seuil maximum'),(51,NULL,NULL,'2017-05-24 09:33:46','Alerte mail déclenchée à cause de température en dehors des seuils'),(52,NULL,NULL,'2017-05-24 09:35:42','Alerte mail déclenchée à cause de CO2 au dessus du seuil maximum au LivingLab de Brest'),(53,NULL,NULL,'2017-05-24 09:40:42','Alerte mail déclenchée à cause de CO2 au dessus du seuil maximum au LivingLab de Brest'),(54,1,NULL,'2017-05-24 09:40:42','Alerte declenchée à cause du four au LivingLab de Brest'),(55,NULL,NULL,'2017-05-24 09:40:46','Alerte mail déclenchée à cause de CO2 au dessus du seuil maximum'),(56,NULL,NULL,'2017-05-24 09:40:46','Alerte mail déclenchée à cause de température en dehors des seuils'),(57,NULL,NULL,'2017-05-24 09:41:42','Alerte mail déclenchée à cause de CO2 au dessus du seuil maximum au LivingLab de Brest'),(58,NULL,NULL,'2017-05-24 09:43:42','Alerte mail déclenchée à cause de CO2 au dessus du seuil maximum au LivingLab de Brest'),(59,1,NULL,'2017-05-24 09:43:42','Alerte declenchée à cause du four au LivingLab de Brest'),(60,NULL,NULL,'2017-05-24 09:43:46','Alerte mail déclenchée à cause de CO2 au dessus du seuil maximum'),(61,NULL,NULL,'2017-05-24 09:43:46','Alerte mail déclenchée à cause de température en dehors des seuils'),(62,NULL,NULL,'2017-05-24 09:44:42','Alerte mail déclenchée à cause de CO2 au dessus du seuil maximum au LivingLab de Brest'),(63,1,NULL,'2017-05-24 09:44:42','Alerte declenchée à cause du four au LivingLab de Brest'),(64,NULL,NULL,'2017-05-24 09:44:46','Alerte mail déclenchée à cause de CO2 au dessus du seuil maximum'),(65,NULL,NULL,'2017-05-24 09:45:42','Alerte mail déclenchée à cause de CO2 au dessus du seuil maximum au LivingLab de Brest'),(66,1,NULL,'2017-05-24 09:45:42','Alerte declenchée à cause du four au LivingLab de Brest'),(67,NULL,NULL,'2017-05-24 09:45:46','Alerte mail déclenchée à cause de CO2 au dessus du seuil maximum'),(68,NULL,NULL,'2017-05-24 09:46:42','Alerte mail déclenchée à cause de CO2 au dessus du seuil maximum au LivingLab de Brest'),(69,NULL,NULL,'2017-05-24 09:47:42','Alerte mail déclenchée à cause de CO2 au dessus du seuil maximum au LivingLab de Brest'),(70,1,NULL,'2017-05-24 09:47:42','Alerte declenchée à cause du four au LivingLab de Brest'),(71,NULL,NULL,'2017-05-24 09:47:46','Alerte mail déclenchée à cause de CO2 au dessus du seuil maximum'),(72,NULL,NULL,'2017-05-24 09:47:46','Alerte mail déclenchée à cause de température en dehors des seuils'),(73,1,NULL,'2017-05-24 09:48:42','Alerte declenchée à cause du four au LivingLab de Brest'),(74,NULL,NULL,'2017-05-24 09:48:46','Alerte mail déclenchée à cause de CO2 au dessus du seuil maximum'),(75,NULL,NULL,'2017-05-24 09:48:46','Alerte mail déclenchée à cause de température en dehors des seuils'),(76,NULL,NULL,'2017-05-24 09:49:42','Alerte mail déclenchée à cause de CO2 au dessus du seuil maximum au LivingLab de Brest'),(77,1,NULL,'2017-05-24 09:49:42','Alerte declenchée à cause du four au LivingLab de Brest'),(78,NULL,NULL,'2017-05-24 09:49:46','Alerte mail déclenchée à cause de CO2 au dessus du seuil maximum'),(79,NULL,NULL,'2017-05-24 09:49:46','Alerte mail déclenchée à cause de température en dehors des seuils'),(80,NULL,NULL,'2017-05-24 09:49:46','Alerte mail déclenchée à cause de hausse de température de 3deg en moins de 5 minutes'),(81,NULL,NULL,'2017-05-24 09:50:42','Alerte mail déclenchée à cause de CO2 au dessus du seuil maximum au LivingLab de Brest'),(82,1,NULL,'2017-05-24 09:57:42','Alerte declenchée à cause du four au LivingLab de Brest'),(83,NULL,NULL,'2017-05-24 09:57:46','Alerte mail déclenchée à cause de CO2 au dessus du seuil maximum'),(84,NULL,NULL,'2017-05-24 09:57:46','Alerte mail déclenchée à cause de température en dehors des seuils'),(85,NULL,NULL,'2017-05-24 09:58:42','Alerte mail déclenchée à cause de CO2 au dessus du seuil maximum au LivingLab de Brest'),(86,1,NULL,'2017-05-24 09:58:42','Alerte declenchée à cause du four au LivingLab de Brest'),(87,NULL,NULL,'2017-05-24 09:58:46','Alerte mail déclenchée à cause de CO2 au dessus du seuil maximum'),(88,NULL,NULL,'2017-05-24 09:58:46','Alerte mail déclenchée à cause de hausse de température de 3deg en moins de 5 minutes'),(89,1,NULL,'2017-05-24 09:59:42','Alerte mail déclenchée à cause de CO2 au dessus du seuil maximum au LivingLab de Brest'),(90,1,NULL,'2017-05-24 09:59:42','Alerte declenchée à cause du four au LivingLab de Brest'),(91,NULL,NULL,'2017-05-24 09:59:46','Alerte mail déclenchée à cause de CO2 au dessus du seuil maximum'),(92,NULL,NULL,'2017-05-24 09:59:46','Alerte mail déclenchée à cause de température en dehors des seuils'),(93,NULL,NULL,'2017-05-24 09:59:46','Alerte mail déclenchée à cause de hausse de température de 3deg en moins de 5 minutes'),(94,1,NULL,'2017-05-24 10:02:42','Alerte mail déclenchée à cause de CO2 au dessus du seuil maximum au LivingLab de Brest'),(95,NULL,NULL,'2017-05-24 10:03:46','Alerte mail déclenchée à cause de CO2 au dessus du seuil maximum'),(96,NULL,NULL,'2017-05-24 10:03:46','Alerte mail déclenchée à cause de température en dehors des seuils'),(97,NULL,NULL,'2017-05-24 10:03:46','Alerte mail déclenchée à cause de hausse de température de 3deg en moins de 5 minutes'),(98,1,NULL,'2017-05-24 10:04:42','Alerte mail déclenchée à cause de CO2 au dessus du seuil maximum au LivingLab de Brest'),(99,NULL,NULL,'2017-05-24 10:04:46','Alerte mail déclenchée à cause de CO2 au dessus du seuil maximum'),(100,NULL,NULL,'2017-05-24 10:04:46','Alerte mail déclenchée à cause de température en dehors des seuils'),(101,1,NULL,'2017-05-24 10:06:42','Alerte mail déclenchée à cause de CO2 au dessus du seuil maximum au LivingLab de Brest'),(102,2,NULL,'2017-05-24 10:06:46','Alerte mail déclenchée à cause de CO2 au dessus du seuil maximum'),(103,2,NULL,'2017-05-24 10:06:46','Alerte mail déclenchée à cause de température en dehors des seuils'),(104,2,NULL,'2017-05-24 10:06:46','Alerte mail déclenchée à cause de hausse de température de 3deg en moins de 5 minutes'),(105,1,NULL,'2017-05-24 10:08:42','Alerte mail déclenchée à cause de CO2 au dessus du seuil maximum au LivingLab de Brest'),(106,1,NULL,'2017-05-24 10:09:43','Alerte mail déclenchée à cause de CO2 au dessus du seuil maximum au LivingLab de Brest'),(107,2,NULL,'2017-05-24 10:09:46','Alerte mail déclenchée à cause de CO2 au dessus du seuil maximum'),(108,2,NULL,'2017-05-24 10:09:46','Alerte mail déclenchée à cause de température en dehors des seuils'),(109,1,NULL,'2017-05-24 10:17:42','Alerte mail déclenchée à cause de CO2 au dessus du seuil maximum au LivingLab de Brest'),(110,2,NULL,'2017-05-24 10:17:46','Alerte mail déclenchée à cause de CO2 au dessus du seuil maximum'),(111,2,NULL,'2017-05-24 10:17:46','Alerte mail déclenchée à cause de température en dehors des seuils'),(112,2,NULL,'2017-05-24 10:28:46','Alerte mail déclenchée à cause de CO2 au dessus du seuil maximum'),(113,2,NULL,'2017-05-24 10:28:46','Alerte mail déclenchée à cause de température en dehors des seuils'),(114,2,NULL,'2017-05-24 10:28:46','Alerte mail déclenchée à cause de hausse de température de 3deg en moins de 5 minutes'),(115,2,NULL,'2017-05-24 10:30:46','Alerte mail déclenchée à cause de CO2 au dessus du seuil maximum'),(116,2,NULL,'2017-05-24 10:30:46','Alerte mail déclenchée à cause de température en dehors des seuils'),(117,2,NULL,'2017-05-24 10:30:46','Alerte mail déclenchée à cause de hausse de température de 3deg en moins de 5 minutes'),(118,2,NULL,'2017-05-24 11:16:46','Alerte mail déclenchée à cause de CO2 au dessus du seuil maximum'),(119,2,NULL,'2017-05-24 11:16:46','Alerte mail déclenchée à cause de hausse de température de 3deg en moins de 5 minutes'),(120,2,NULL,'2017-05-24 11:17:46','Alerte mail déclenchée à cause de CO2 au dessus du seuil maximum'),(121,2,NULL,'2017-05-24 11:17:46','Alerte mail déclenchée à cause de hausse de température de 3deg en moins de 5 minutes'),(122,2,NULL,'2017-05-24 11:18:46','Alerte mail déclenchée à cause de CO2 au dessus du seuil maximum'),(123,2,NULL,'2017-05-24 11:18:46','Alerte mail déclenchée à cause de hausse de température de 3deg en moins de 5 minutes'),(124,2,NULL,'2017-05-24 11:26:46','Alerte mail déclenchée à cause de CO2 au dessus du seuil maximum'),(125,2,NULL,'2017-05-24 11:26:46','Alerte mail déclenchée à cause de hausse de température de 3deg en moins de 5 minutes'),(126,2,NULL,'2017-05-24 11:27:46','Alerte mail déclenchée à cause de CO2 au dessus du seuil maximum'),(127,2,NULL,'2017-05-24 11:28:46','Alerte mail déclenchée à cause de CO2 au dessus du seuil maximum'),(128,2,NULL,'2017-05-24 11:28:46','Alerte mail déclenchée à cause de hausse de température de 3deg en moins de 5 minutes'),(129,2,NULL,'2017-05-24 11:30:46','Alerte mail déclenchée à cause de CO2 au dessus du seuil maximum'),(130,2,NULL,'2017-05-24 11:30:46','Alerte mail déclenchée à cause de hausse de température de 3deg en moins de 5 minutes'),(131,2,NULL,'2017-05-24 11:31:46','Alerte mail déclenchée à cause de CO2 au dessus du seuil maximum'),(132,2,NULL,'2017-05-24 11:32:46','Alerte mail déclenchée à cause de CO2 au dessus du seuil maximum'),(133,2,NULL,'2017-05-24 11:32:46','Alerte mail déclenchée à cause de hausse de température de 3deg en moins de 5 minutes'),(134,2,NULL,'2017-05-24 11:38:46','Alerte mail déclenchée à cause de CO2 au dessus du seuil maximum'),(135,2,NULL,'2017-05-24 11:43:46','Alerte mail déclenchée à cause de CO2 au dessus du seuil maximum'),(136,2,NULL,'2017-05-24 11:43:46','Alerte mail déclenchée à cause de hausse de température de 3deg en moins de 5 minutes'),(137,1,NULL,'2017-05-24 13:51:43','Alerte mail déclenchée à cause de CO2 au dessus du seuil maximum au LivingLab de Brest'),(138,2,NULL,'2017-05-24 13:51:47','Alerte mail déclenchée à cause de température en dehors des seuils'),(139,2,NULL,'2017-05-24 13:51:47','Alerte mail déclenchée à cause de hausse de température de 3deg en moins de 5 minutes'),(140,1,NULL,'2017-05-24 13:52:43','Alerte mail déclenchée à cause de CO2 au dessus du seuil maximum au LivingLab de Brest'),(141,1,NULL,'2017-05-24 13:53:43','Alerte mail déclenchée à cause de CO2 au dessus du seuil maximum au LivingLab de Brest'),(142,2,NULL,'2017-05-24 13:53:47','Alerte mail déclenchée à cause de hausse de température de 3deg en moins de 5 minutes'),(143,1,NULL,'2017-05-24 13:54:43','Alerte mail déclenchée à cause de CO2 au dessus du seuil maximum au LivingLab de Brest'),(144,1,NULL,'2017-05-24 14:18:43','Alerte mail déclenchée à cause de CO2 au dessus du seuil maximum au LivingLab de Brest'),(145,1,NULL,'2017-05-24 14:18:43','Alerte mail de température (seuils) au LivingLab de Brest'),(146,2,NULL,'2017-05-24 14:18:47','Alerte mail déclenchée à cause de CO2 au dessus du seuil maximum'),(147,1,NULL,'2017-05-24 14:19:43','Alerte mail déclenchée à cause de CO2 au dessus du seuil maximum au LivingLab de Brest'),(148,1,NULL,'2017-05-24 14:19:43','Alerte mail déclenchée à cause de CO2 au dessus du seuil maximum au LivingLab de Brest'),(149,1,NULL,'2017-05-24 14:20:43','Alerte mail déclenchée à cause de CO2 au dessus du seuil maximum au LivingLab de Brest'),(150,2,NULL,'2017-05-24 14:20:47','Alerte mail déclenchée à cause de CO2 au dessus du seuil maximum'),(151,2,NULL,'2017-05-24 14:20:47','Alerte mail déclenchée à cause de hausse de température de 3deg en moins de 5 minutes'),(152,1,NULL,'2017-05-29 09:05:43','Alerte mail de température (hausse) au LivingLab de Brest'),(153,2,NULL,'2017-05-29 09:05:48','Alerte mail déclenchée à cause de CO2 au dessus du seuil maximum'),(154,2,NULL,'2017-05-29 09:05:48','Alerte mail déclenchée à cause de température en dehors des seuils'),(155,2,NULL,'2017-05-29 09:05:48','Alerte mail déclenchée à cause de hausse de température de 3deg en moins de 5 minutes'),(156,1,NULL,'2017-05-29 09:06:43','Alerte mail de température (hausse) au LivingLab de Brest'),(157,2,NULL,'2017-05-29 09:06:48','Alerte mail déclenchée à cause de CO2 au dessus du seuil maximum'),(158,2,NULL,'2017-05-29 09:06:48','Alerte mail déclenchée à cause de température en dehors des seuils'),(159,2,NULL,'2017-05-29 09:06:48','Alerte mail déclenchée à cause de hausse de température de 3deg en moins de 5 minutes'),(160,1,NULL,'2017-05-29 09:07:43','Alerte mail déclenchée à cause de humidité en dehors des seuils au living lab de Brest'),(161,2,NULL,'2017-05-29 09:07:48','Alerte mail déclenchée à cause de CO2 au dessus du seuil maximum'),(162,2,NULL,'2017-05-29 09:07:48','Alerte mail déclenchée à cause de température en dehors des seuils'),(163,2,NULL,'2017-05-29 09:07:48','Alerte mail déclenchée à cause de hausse de température de 3deg en moins de 5 minutes'),(164,2,NULL,'2017-05-29 11:43:48','Alerte mail déclenchée à cause de CO2 au dessus du seuil maximum'),(165,2,NULL,'2017-05-29 11:43:49','Alerte mail déclenchée à cause de hausse de température de 3deg en moins de 5 minutes'),(166,1,NULL,'2017-05-29 11:44:44','Alerte mail déclenchée à cause de humidité en dehors des seuils au living lab de Brest'),(167,2,NULL,'2017-05-29 11:44:48','Alerte mail déclenchée à cause de CO2 au dessus du seuil maximum'),(168,2,NULL,'2017-05-29 11:44:48','Alerte mail déclenchée à cause de hausse de température de 3deg en moins de 5 minutes'),(169,1,NULL,'2017-05-29 11:45:44','Alerte mail déclenchée à cause de humidité en dehors des seuils au living lab de Brest'),(170,2,NULL,'2017-05-29 11:45:51','Alerte mail déclenchée à cause de CO2 au dessus du seuil maximum'),(171,1,NULL,'2017-05-29 11:46:44','Alerte mail de température (seuils) au LivingLab de Brest'),(172,1,NULL,'2017-05-29 11:54:44','Alerte mail déclenchée à cause de humidité en dehors des seuils au living lab de Brest'),(173,2,NULL,'2017-05-29 11:54:48','Alerte mail déclenchée à cause de CO2 au dessus du seuil maximum'),(174,1,NULL,'2017-05-29 11:55:44','Alerte mail de température (seuils) au LivingLab de Brest'),(175,1,NULL,'2017-05-29 11:55:44','Alerte mail déclenchée à cause de humidité en dehors des seuils au living lab de Brest'),(176,2,NULL,'2017-05-29 11:55:48','Alerte mail déclenchée à cause de CO2 au dessus du seuil maximum'),(177,1,NULL,'2017-05-29 11:56:44','Alerte mail de température (hausse) au LivingLab de Brest'),(178,2,NULL,'2017-05-29 11:56:49','Alerte mail déclenchée à cause de CO2 au dessus du seuil maximum'),(179,2,NULL,'2017-05-29 12:13:49','Alerte mail déclenchée à cause de CO2 au dessus du seuil maximum'),(180,1,NULL,'2017-05-29 12:14:44','Alerte mail déclenchée à cause de humidité en dehors des seuils au living lab de Brest'),(181,2,NULL,'2017-05-29 12:14:48','Alerte mail déclenchée à cause de CO2 au dessus du seuil maximum'),(182,2,NULL,'2017-05-29 12:15:48','Alerte mail déclenchée à cause de CO2 au dessus du seuil maximum'),(183,2,NULL,'2017-05-29 13:34:49','Alerte mail déclenchée à cause de CO2 au dessus du seuil maximum'),(184,2,NULL,'2017-05-29 13:39:02','Alerte mail déclenchée à cause de CO2 au dessus du seuil maximum'),(185,1,NULL,'2017-05-29 13:41:06','Alerte mail de température (hausse) au LivingLab de Brest'),(186,1,NULL,'2017-05-29 13:41:06','Alerte mail déclenchée à cause de humidité en dehors des seuils au living lab de Brest'),(187,2,NULL,'2017-05-29 13:41:06','Alerte mail déclenchée à cause de CO2 au dessus du seuil maximum'),(188,NULL,NULL,'2017-05-29 14:20:15','Alerte mail déclenchée à cause de humidité en dehors des seuils'),(189,NULL,NULL,'2017-05-29 14:23:09','Alerte mail déclenchée à cause de humidité en dehors des seuils'),(190,2,NULL,'2017-05-29 15:04:49','Alerte mail déclenchée à cause de CO2 au dessus du seuil maximum'),(191,1,NULL,'2017-05-29 15:05:45','Alerte mail déclenchée à cause de humidité en dehors des seuils au living lab de Brest'),(192,2,NULL,'2017-05-29 15:05:49','Alerte mail déclenchée à cause de CO2 au dessus du seuil maximum'),(193,2,NULL,'2017-05-29 15:06:49','Alerte mail déclenchée à cause de CO2 au dessus du seuil maximum'),(194,2,NULL,'2017-05-29 15:07:49','Alerte mail déclenchée à cause de CO2 au dessus du seuil maximum'),(195,2,NULL,'2017-05-29 15:07:49','Alerte mail déclenchée à cause de hausse de température de 3deg en moins de 5 minutes'),(196,2,NULL,'2017-05-29 15:08:49','Alerte mail déclenchée à cause de CO2 au dessus du seuil maximum'),(197,1,NULL,'2017-05-29 15:09:45','Alerte mail déclenchée à cause de humidité en dehors des seuils au living lab de Brest'),(198,2,NULL,'2017-05-29 15:09:49','Alerte mail déclenchée à cause de CO2 au dessus du seuil maximum'),(199,1,NULL,'2017-05-29 15:10:45','Alerte mail déclenchée à cause de humidité en dehors des seuils au living lab de Brest'),(200,2,NULL,'2017-05-29 15:10:49','Alerte mail déclenchée à cause de CO2 au dessus du seuil maximum'),(201,1,NULL,'2017-05-29 15:11:45','Alerte mail déclenchée à cause de humidité en dehors des seuils au living lab de Brest'),(202,2,NULL,'2017-05-29 15:11:49','Alerte mail déclenchée à cause de CO2 au dessus du seuil maximum'),(203,2,NULL,'2017-05-29 15:11:49','Alerte mail déclenchée à cause de hausse de température de 3deg en moins de 5 minutes'),(204,1,NULL,'2017-05-29 15:12:45','Alerte mail déclenchée à cause de humidité en dehors des seuils au living lab de Brest'),(205,2,NULL,'2017-05-29 15:12:49','Alerte mail déclenchée à cause de CO2 au dessus du seuil maximum'),(206,2,NULL,'2017-05-29 15:12:49','Alerte mail déclenchée à cause de hausse de température de 3deg en moins de 5 minutes'),(207,1,NULL,'2017-05-29 15:13:45','Alerte mail déclenchée à cause de humidité en dehors des seuils au living lab de Brest'),(208,2,NULL,'2017-05-29 15:13:49','Alerte mail déclenchée à cause de CO2 au dessus du seuil maximum'),(209,2,NULL,'2017-05-29 15:13:49','Alerte mail déclenchée à cause de hausse de température de 3deg en moins de 5 minutes'),(210,2,NULL,'2017-05-29 15:14:49','Alerte mail déclenchée à cause de CO2 au dessus du seuil maximum'),(211,2,NULL,'2017-05-29 15:15:49','Alerte mail déclenchée à cause de CO2 au dessus du seuil maximum'),(212,2,NULL,'2017-05-29 15:16:49','Alerte mail déclenchée à cause de CO2 au dessus du seuil maximum'),(213,1,NULL,'2017-05-29 15:17:45','Alerte mail déclenchée à cause de humidité en dehors des seuils au living lab de Brest'),(214,2,NULL,'2017-05-29 15:17:49','Alerte mail déclenchée à cause de CO2 au dessus du seuil maximum'),(215,2,NULL,'2017-05-29 15:18:49','Alerte mail déclenchée à cause de CO2 au dessus du seuil maximum'),(216,2,NULL,'2017-05-29 15:19:49','Alerte mail déclenchée à cause de CO2 au dessus du seuil maximum'),(217,2,NULL,'2017-05-29 15:20:49','Alerte mail déclenchée à cause de CO2 au dessus du seuil maximum'),(218,2,NULL,'2017-05-29 15:20:49','Alerte mail déclenchée à cause de hausse de température de 3deg en moins de 5 minutes'),(219,2,NULL,'2017-05-29 15:21:49','Alerte mail déclenchée à cause de CO2 au dessus du seuil maximum'),(220,1,NULL,'2017-05-29 15:22:45','Alerte mail déclenchée à cause de humidité en dehors des seuils au living lab de Brest'),(221,2,NULL,'2017-05-29 15:22:49','Alerte mail déclenchée à cause de CO2 au dessus du seuil maximum'),(222,2,NULL,'2017-05-29 15:23:49','Alerte mail déclenchée à cause de CO2 au dessus du seuil maximum'),(223,2,NULL,'2017-05-29 15:24:49','Alerte mail déclenchée à cause de CO2 au dessus du seuil maximum'),(224,2,NULL,'2017-05-29 15:25:49','Alerte mail déclenchée à cause de CO2 au dessus du seuil maximum'),(225,1,NULL,'2017-05-29 15:26:45','Alerte mail déclenchée à cause de humidité en dehors des seuils au living lab de Brest'),(226,2,NULL,'2017-05-29 15:26:49','Alerte mail déclenchée à cause de CO2 au dessus du seuil maximum'),(227,1,NULL,'2017-05-29 15:27:45','Alerte mail déclenchée à cause de humidité en dehors des seuils au living lab de Brest'),(228,2,NULL,'2017-05-29 15:27:49','Alerte mail déclenchée à cause de CO2 au dessus du seuil maximum'),(229,2,NULL,'2017-05-29 15:28:49','Alerte mail déclenchée à cause de CO2 au dessus du seuil maximum'),(230,2,NULL,'2017-05-29 15:28:49','Alerte mail déclenchée à cause de hausse de température de 3deg en moins de 5 minutes'),(231,1,NULL,'2017-05-29 15:29:45','Alerte mail déclenchée à cause de humidité en dehors des seuils au living lab de Brest'),(232,2,NULL,'2017-05-29 15:29:49','Alerte mail déclenchée à cause de CO2 au dessus du seuil maximum'),(233,2,NULL,'2017-05-29 15:30:49','Alerte mail déclenchée à cause de CO2 au dessus du seuil maximum'),(234,1,NULL,'2017-05-29 15:31:45','Alerte mail déclenchée à cause de humidité en dehors des seuils au living lab de Brest'),(235,2,NULL,'2017-05-29 15:31:49','Alerte mail déclenchée à cause de CO2 au dessus du seuil maximum'),(236,2,NULL,'2017-05-29 15:31:49','Alerte mail déclenchée à cause de hausse de température de 3deg en moins de 5 minutes'),(237,2,NULL,'2017-05-29 15:32:49','Alerte mail déclenchée à cause de CO2 au dessus du seuil maximum'),(238,2,NULL,'2017-05-29 15:33:49','Alerte mail déclenchée à cause de CO2 au dessus du seuil maximum'),(239,2,NULL,'2017-05-29 15:34:49','Alerte mail déclenchée à cause de CO2 au dessus du seuil maximum'),(240,1,NULL,'2017-05-29 15:35:45','Alerte mail déclenchée à cause de humidité en dehors des seuils au living lab de Brest'),(241,2,NULL,'2017-05-29 15:35:49','Alerte mail déclenchée à cause de CO2 au dessus du seuil maximum'),(242,2,NULL,'2017-05-29 15:36:49','Alerte mail déclenchée à cause de CO2 au dessus du seuil maximum'),(243,1,NULL,'2017-05-29 15:37:45','Alerte mail déclenchée à cause de humidité en dehors des seuils au living lab de Brest'),(244,2,NULL,'2017-05-29 15:37:49','Alerte mail déclenchée à cause de CO2 au dessus du seuil maximum'),(245,1,NULL,'2017-05-29 16:09:45','Alerte mail déclenchée à cause de humidité en dehors des seuils au living lab de Brest'),(246,2,NULL,'2017-05-29 16:09:49','Alerte mail déclenchée à cause de CO2 au dessus du seuil maximum'),(247,2,NULL,'2017-05-29 16:10:49','Alerte mail déclenchée à cause de CO2 au dessus du seuil maximum'),(248,2,NULL,'2017-05-29 16:10:49','Alerte mail déclenchée à cause de hausse de température de 3deg en moins de 5 minutes'),(249,2,NULL,'2017-05-29 16:11:49','Alerte mail déclenchée à cause de CO2 au dessus du seuil maximum'),(250,2,NULL,'2017-05-29 16:12:49','Alerte mail déclenchée à cause de CO2 au dessus du seuil maximum'),(251,2,NULL,'2017-05-29 16:13:49','Alerte mail déclenchée à cause de CO2 au dessus du seuil maximum'),(252,2,NULL,'2017-05-29 16:14:49','Alerte mail déclenchée à cause de CO2 au dessus du seuil maximum'),(253,1,NULL,'2017-05-29 16:15:45','Alerte mail déclenchée à cause de humidité en dehors des seuils au living lab de Brest'),(254,2,NULL,'2017-05-29 16:15:49','Alerte mail déclenchée à cause de CO2 au dessus du seuil maximum'),(255,2,NULL,'2017-05-29 16:16:49','Alerte mail déclenchée à cause de CO2 au dessus du seuil maximum'),(256,2,NULL,'2017-05-29 16:16:49','Alerte mail déclenchée à cause de hausse de température de 3deg en moins de 5 minutes'),(257,2,NULL,'2017-05-29 16:17:49','Alerte mail déclenchée à cause de CO2 au dessus du seuil maximum'),(258,1,NULL,'2017-05-29 16:18:45','Alerte mail déclenchée à cause de humidité en dehors des seuils au living lab de Brest'),(259,2,NULL,'2017-05-29 16:18:49','Alerte mail déclenchée à cause de CO2 au dessus du seuil maximum'),(260,2,NULL,'2017-05-29 16:19:49','Alerte mail déclenchée à cause de CO2 au dessus du seuil maximum'),(261,2,NULL,'2017-05-29 16:20:49','Alerte mail déclenchée à cause de CO2 au dessus du seuil maximum'),(262,1,NULL,'2017-05-29 16:21:45','Alerte mail déclenchée à cause de humidité en dehors des seuils au living lab de Brest'),(263,2,NULL,'2017-05-29 16:21:49','Alerte mail déclenchée à cause de CO2 au dessus du seuil maximum'),(264,2,NULL,'2017-05-29 16:22:49','Alerte mail déclenchée à cause de CO2 au dessus du seuil maximum'),(265,2,NULL,'2017-05-29 16:23:49','Alerte mail déclenchée à cause de CO2 au dessus du seuil maximum'),(266,1,NULL,'2017-05-29 16:24:45','Alerte mail déclenchée à cause de humidité en dehors des seuils au living lab de Brest'),(267,2,NULL,'2017-05-29 16:24:49','Alerte mail déclenchée à cause de CO2 au dessus du seuil maximum'),(268,1,NULL,'2017-05-29 16:25:45','Alerte mail déclenchée à cause de humidité en dehors des seuils au living lab de Brest'),(269,2,NULL,'2017-05-29 16:25:49','Alerte mail déclenchée à cause de CO2 au dessus du seuil maximum'),(270,2,NULL,'2017-05-29 16:26:49','Alerte mail déclenchée à cause de CO2 au dessus du seuil maximum'),(271,2,NULL,'2017-05-29 16:27:49','Alerte mail déclenchée à cause de CO2 au dessus du seuil maximum'),(272,2,NULL,'2017-05-29 16:27:49','Alerte mail déclenchée à cause de hausse de température de 3deg en moins de 5 minutes'),(273,2,NULL,'2017-05-29 16:28:49','Alerte mail déclenchée à cause de CO2 au dessus du seuil maximum'),(274,1,NULL,'2017-05-29 16:29:45','Alerte mail déclenchée à cause de humidité en dehors des seuils au living lab de Brest'),(275,2,NULL,'2017-05-29 16:29:49','Alerte mail déclenchée à cause de CO2 au dessus du seuil maximum'),(276,2,NULL,'2017-05-29 16:30:49','Alerte mail déclenchée à cause de CO2 au dessus du seuil maximum'),(277,2,NULL,'2017-05-29 16:31:49','Alerte mail déclenchée à cause de CO2 au dessus du seuil maximum'),(278,2,NULL,'2017-05-29 16:31:49','Alerte SMS déclenchée à cause de CO2 au dessus du seuil maximum'),(279,2,NULL,'2017-05-29 16:32:49','Alerte mail déclenchée à cause de CO2 au dessus du seuil maximum'),(280,2,NULL,'2017-05-29 16:32:49','Alerte mail déclenchée à cause de hausse de température de 3deg en moins de 5 minutes'),(281,2,NULL,'2017-05-29 16:33:49','Alerte mail déclenchée à cause de CO2 au dessus du seuil maximum'),(282,1,NULL,'2017-05-29 16:34:45','Alerte mail déclenchée à cause de humidité en dehors des seuils au living lab de Brest'),(283,2,NULL,'2017-05-29 16:34:49','Alerte mail déclenchée à cause de CO2 au dessus du seuil maximum'),(284,2,NULL,'2017-05-29 16:35:49','Alerte mail déclenchée à cause de CO2 au dessus du seuil maximum'),(285,2,NULL,'2017-05-29 16:36:49','Alerte mail déclenchée à cause de CO2 au dessus du seuil maximum'),(286,2,NULL,'2017-05-29 16:37:49','Alerte mail déclenchée à cause de CO2 au dessus du seuil maximum'),(287,2,NULL,'2017-05-29 16:42:49','Alerte mail déclenchée à cause de CO2 au dessus du seuil maximum'),(288,2,NULL,'2017-05-29 16:43:49','Alerte mail déclenchée à cause de CO2 au dessus du seuil maximum'),(289,2,NULL,'2017-05-29 16:44:49','Alerte mail déclenchée à cause de CO2 au dessus du seuil maximum'),(290,2,NULL,'2017-05-29 16:45:49','Alerte mail déclenchée à cause de CO2 au dessus du seuil maximum'),(291,1,NULL,'2017-05-29 16:46:45','Alerte mail déclenchée à cause de humidité en dehors des seuils au living lab de Brest'),(292,2,NULL,'2017-05-29 16:46:49','Alerte mail déclenchée à cause de CO2 au dessus du seuil maximum'),(293,2,NULL,'2017-05-29 16:46:49','Alerte mail déclenchée à cause de hausse de température de 3deg en moins de 5 minutes'),(294,1,NULL,'2017-05-29 16:47:45','Alerte mail déclenchée à cause de humidité en dehors des seuils au living lab de Brest'),(295,2,NULL,'2017-05-29 16:47:49','Alerte mail déclenchée à cause de CO2 au dessus du seuil maximum'),(296,2,NULL,'2017-05-29 16:48:49','Alerte mail déclenchée à cause de CO2 au dessus du seuil maximum'),(297,1,NULL,'2017-05-29 16:49:45','Alerte mail déclenchée à cause de humidité en dehors des seuils au living lab de Brest'),(298,2,NULL,'2017-05-29 16:49:49','Alerte mail déclenchée à cause de CO2 au dessus du seuil maximum'),(299,2,NULL,'2017-05-29 16:50:49','Alerte mail déclenchée à cause de CO2 au dessus du seuil maximum'),(300,2,NULL,'2017-05-29 16:51:49','Alerte mail déclenchée à cause de CO2 au dessus du seuil maximum'),(301,2,NULL,'2017-05-29 16:52:49','Alerte mail déclenchée à cause de CO2 au dessus du seuil maximum'),(302,1,NULL,'2017-05-29 16:53:45','Alerte mail déclenchée à cause de humidité en dehors des seuils au living lab de Brest'),(303,2,NULL,'2017-05-29 16:53:49','Alerte mail déclenchée à cause de CO2 au dessus du seuil maximum'),(304,1,NULL,'2017-05-29 16:54:45','Alerte mail déclenchée à cause de humidité en dehors des seuils au living lab de Brest'),(305,2,NULL,'2017-05-29 16:54:49','Alerte mail déclenchée à cause de CO2 au dessus du seuil maximum'),(306,2,NULL,'2017-05-29 16:55:49','Alerte mail déclenchée à cause de CO2 au dessus du seuil maximum'),(307,2,NULL,'2017-05-29 16:55:49','Alerte mail déclenchée à cause de hausse de température de 3deg en moins de 5 minutes'),(308,1,NULL,'2017-05-29 16:56:45','Alerte mail déclenchée à cause de humidité en dehors des seuils au living lab de Brest'),(309,2,NULL,'2017-05-29 16:56:49','Alerte mail déclenchée à cause de CO2 au dessus du seuil maximum'),(310,2,NULL,'2017-05-29 16:57:49','Alerte mail déclenchée à cause de CO2 au dessus du seuil maximum'),(311,2,NULL,'2017-05-29 16:57:49','Alerte mail déclenchée à cause de hausse de température de 3deg en moins de 5 minutes'),(312,2,NULL,'2017-05-29 16:58:49','Alerte mail déclenchée à cause de CO2 au dessus du seuil maximum'),(313,2,NULL,'2017-05-29 17:11:49','Alerte mail déclenchée à cause de CO2 au dessus du seuil maximum'),(314,1,NULL,'2017-05-29 17:12:45','Alerte mail déclenchée à cause de humidité en dehors des seuils au living lab de Brest'),(315,2,NULL,'2017-05-29 17:12:49','Alerte mail déclenchée à cause de CO2 au dessus du seuil maximum'),(316,1,NULL,'2017-05-29 17:13:46','Alerte mail déclenchée à cause de humidité en dehors des seuils au living lab de Brest'),(317,2,NULL,'2017-05-29 17:13:49','Alerte mail déclenchée à cause de CO2 au dessus du seuil maximum'),(318,2,NULL,'2017-05-29 17:14:49','Alerte mail déclenchée à cause de CO2 au dessus du seuil maximum'),(319,2,NULL,'2017-05-29 17:15:49','Alerte mail déclenchée à cause de CO2 au dessus du seuil maximum'),(320,2,NULL,'2017-05-29 17:16:49','Alerte mail déclenchée à cause de CO2 au dessus du seuil maximum'),(321,2,NULL,'2017-05-29 17:17:49','Alerte mail déclenchée à cause de CO2 au dessus du seuil maximum'),(322,2,NULL,'2017-05-29 17:18:49','Alerte mail déclenchée à cause de CO2 au dessus du seuil maximum'),(323,2,NULL,'2017-05-29 17:19:49','Alerte mail déclenchée à cause de CO2 au dessus du seuil maximum'),(324,1,NULL,'2017-05-29 17:20:45','Alerte mail déclenchée à cause de humidité en dehors des seuils au living lab de Brest'),(325,2,NULL,'2017-05-29 17:20:49','Alerte mail déclenchée à cause de CO2 au dessus du seuil maximum'),(326,1,NULL,'2017-05-29 17:21:45','Alerte mail déclenchée à cause de humidité en dehors des seuils au living lab de Brest'),(327,2,NULL,'2017-05-29 17:21:49','Alerte mail déclenchée à cause de CO2 au dessus du seuil maximum'),(328,1,NULL,'2017-05-29 17:22:45','Alerte mail déclenchée à cause de humidité en dehors des seuils au living lab de Brest'),(329,2,NULL,'2017-05-29 17:22:49','Alerte mail déclenchée à cause de CO2 au dessus du seuil maximum'),(330,2,NULL,'2017-05-29 17:22:52','Alerte mail déclenchée à cause de hausse de température de 3deg en moins de 5 minutes'),(331,1,NULL,'2017-05-29 17:23:45','Alerte mail déclenchée à cause de humidité en dehors des seuils au living lab de Brest'),(332,2,NULL,'2017-05-29 17:23:49','Alerte mail déclenchée à cause de CO2 au dessus du seuil maximum'),(333,2,NULL,'2017-05-29 17:24:49','Alerte mail déclenchée à cause de CO2 au dessus du seuil maximum'),(334,1,NULL,'2017-05-29 17:25:45','Alerte mail déclenchée à cause de humidité en dehors des seuils au living lab de Brest'),(335,2,NULL,'2017-05-29 17:25:49','Alerte mail déclenchée à cause de CO2 au dessus du seuil maximum'),(336,2,NULL,'2017-05-29 17:26:49','Alerte mail déclenchée à cause de CO2 au dessus du seuil maximum'),(337,2,NULL,'2017-05-29 17:26:49','Alerte mail déclenchée à cause de hausse de température de 3deg en moins de 5 minutes'),(338,2,NULL,'2017-05-29 17:27:49','Alerte mail déclenchée à cause de CO2 au dessus du seuil maximum'),(339,2,NULL,'2017-05-29 17:27:49','Alerte mail déclenchée à cause de hausse de température de 3deg en moins de 5 minutes'),(340,2,NULL,'2017-05-29 17:28:49','Alerte mail déclenchée à cause de CO2 au dessus du seuil maximum'),(341,2,NULL,'2017-05-29 17:29:49','Alerte mail déclenchée à cause de CO2 au dessus du seuil maximum'),(342,1,NULL,'2017-05-29 17:30:45','Alerte mail déclenchée à cause de humidité en dehors des seuils au living lab de Brest'),(343,2,NULL,'2017-05-29 17:30:49','Alerte mail déclenchée à cause de CO2 au dessus du seuil maximum'),(344,2,NULL,'2017-05-29 17:31:49','Alerte mail déclenchée à cause de CO2 au dessus du seuil maximum'),(345,2,NULL,'2017-05-29 17:31:49','Alerte mail déclenchée à cause de hausse de température de 3deg en moins de 5 minutes'),(346,2,NULL,'2017-05-29 17:32:49','Alerte mail déclenchée à cause de CO2 au dessus du seuil maximum'),(347,1,NULL,'2017-05-29 17:33:45','Alerte mail déclenchée à cause de humidité en dehors des seuils au living lab de Brest'),(348,2,NULL,'2017-05-29 17:33:49','Alerte mail déclenchée à cause de CO2 au dessus du seuil maximum'),(349,2,NULL,'2017-05-29 17:34:49','Alerte mail déclenchée à cause de CO2 au dessus du seuil maximum'),(350,2,NULL,'2017-05-29 17:35:49','Alerte mail déclenchée à cause de CO2 au dessus du seuil maximum'),(351,1,NULL,'2017-05-29 17:36:45','Alerte mail déclenchée à cause de humidité en dehors des seuils au living lab de Brest'),(352,2,NULL,'2017-05-29 17:36:49','Alerte mail déclenchée à cause de CO2 au dessus du seuil maximum'),(353,2,NULL,'2017-05-29 17:38:49','Alerte mail déclenchée à cause de CO2 au dessus du seuil maximum'),(354,2,NULL,'2017-05-29 17:39:49','Alerte mail déclenchée à cause de CO2 au dessus du seuil maximum'),(355,2,NULL,'2017-05-29 17:39:49','Alerte mail déclenchée à cause de CO2 au dessus du seuil maximum'),(356,2,NULL,'2017-05-29 18:04:49','Alerte mail déclenchée à cause de CO2 au dessus du seuil maximum'),(357,2,NULL,'2017-05-29 18:05:50','Alerte mail déclenchée à cause de CO2 au dessus du seuil maximum'),(358,2,NULL,'2017-05-29 18:10:49','Alerte mail déclenchée à cause de CO2 au dessus du seuil maximum'),(359,1,NULL,'2017-05-29 18:11:45','Alerte mail déclenchée à cause de humidité en dehors des seuils au living lab de Brest'),(360,2,NULL,'2017-05-29 18:11:49','Alerte mail déclenchée à cause de CO2 au dessus du seuil maximum'),(361,1,NULL,'2017-05-29 18:12:45','Alerte mail déclenchée à cause de humidité en dehors des seuils au living lab de Brest'),(362,2,NULL,'2017-05-29 18:12:49','Alerte mail déclenchée à cause de CO2 au dessus du seuil maximum'),(363,2,NULL,'2017-05-29 18:12:49','Alerte mail déclenchée à cause de hausse de température de 3deg en moins de 5 minutes'),(364,1,NULL,'2017-05-29 18:13:45','Alerte mail déclenchée à cause de humidité en dehors des seuils au living lab de Brest'),(365,2,NULL,'2017-05-29 18:13:49','Alerte mail déclenchée à cause de CO2 au dessus du seuil maximum'),(366,1,NULL,'2017-05-29 18:14:45','Alerte mail déclenchée à cause de humidité en dehors des seuils au living lab de Brest'),(367,2,NULL,'2017-05-29 18:14:49','Alerte mail déclenchée à cause de CO2 au dessus du seuil maximum'),(368,1,NULL,'2017-05-29 18:15:45','Alerte mail déclenchée à cause de humidité en dehors des seuils au living lab de Brest'),(369,2,NULL,'2017-05-29 18:15:49','Alerte mail déclenchée à cause de CO2 au dessus du seuil maximum'),(370,2,NULL,'2017-05-29 18:16:49','Alerte mail déclenchée à cause de CO2 au dessus du seuil maximum'),(371,1,NULL,'2017-05-29 18:17:45','Alerte mail déclenchée à cause de humidité en dehors des seuils au living lab de Brest'),(372,2,NULL,'2017-05-29 18:17:49','Alerte mail déclenchée à cause de CO2 au dessus du seuil maximum'),(373,2,NULL,'2017-05-29 18:18:49','Alerte mail déclenchée à cause de CO2 au dessus du seuil maximum'),(374,2,NULL,'2017-05-29 18:18:49','Alerte mail déclenchée à cause de hausse de température de 3deg en moins de 5 minutes'),(375,2,NULL,'2017-05-29 18:19:49','Alerte mail déclenchée à cause de CO2 au dessus du seuil maximum'),(376,2,NULL,'2017-05-29 18:20:49','Alerte mail déclenchée à cause de CO2 au dessus du seuil maximum'),(377,2,NULL,'2017-05-29 18:20:49','Alerte mail déclenchée à cause de hausse de température de 3deg en moins de 5 minutes'),(378,1,NULL,'2017-05-29 18:21:45','Alerte mail déclenchée à cause de humidité en dehors des seuils au living lab de Brest'),(379,2,NULL,'2017-05-29 18:21:49','Alerte mail déclenchée à cause de CO2 au dessus du seuil maximum'),(380,1,NULL,'2017-05-29 18:22:45','Alerte mail déclenchée à cause de humidité en dehors des seuils au living lab de Brest'),(381,2,NULL,'2017-05-29 18:22:49','Alerte mail déclenchée à cause de hausse de température de 3deg en moins de 5 minutes'),(382,1,NULL,'2017-05-29 18:23:45','Alerte mail déclenchée à cause de humidité en dehors des seuils au living lab de Brest'),(383,2,NULL,'2017-05-29 18:23:49','Alerte mail déclenchée à cause de CO2 au dessus du seuil maximum'),(384,2,NULL,'2017-05-29 18:23:49','Alerte mail déclenchée à cause de hausse de température de 3deg en moins de 5 minutes'),(385,1,NULL,'2017-05-29 18:24:45','Alerte mail déclenchée à cause de humidité en dehors des seuils au living lab de Brest'),(386,2,NULL,'2017-05-29 18:24:49','Alerte mail déclenchée à cause de CO2 au dessus du seuil maximum'),(387,1,NULL,'2017-05-29 18:35:44','Alerte mail déclenchée à cause de humidité en dehors des seuils au living lab de Brest'),(388,2,NULL,'2017-05-29 18:35:48','Alerte mail déclenchée à cause de CO2 au dessus du seuil maximum'),(389,2,NULL,'2017-05-29 18:35:49','Alerte mail déclenchée à cause de hausse de température de 3deg en moins de 5 minutes'),(390,2,NULL,'2017-05-29 18:36:48','Alerte mail déclenchée à cause de CO2 au dessus du seuil maximum'),(391,2,NULL,'2017-05-29 18:36:48','Alerte mail déclenchée à cause de hausse de température de 3deg en moins de 5 minutes'),(392,2,NULL,'2017-05-29 18:39:48','Alerte mail déclenchée à cause de CO2 au dessus du seuil maximum'),(393,2,NULL,'2017-05-29 18:40:48','Alerte mail déclenchée à cause de CO2 au dessus du seuil maximum'),(394,2,NULL,'2017-05-29 18:41:48','Alerte mail déclenchée à cause de CO2 au dessus du seuil maximum'),(395,1,NULL,'2017-05-29 18:45:44','Alerte mail déclenchée à cause de humidité en dehors des seuils au living lab de Brest'),(396,2,NULL,'2017-05-29 18:45:48','Alerte mail déclenchée à cause de CO2 au dessus du seuil maximum'),(397,2,NULL,'2017-05-29 18:46:48','Alerte mail déclenchée à cause de CO2 au dessus du seuil maximum'),(398,2,NULL,'2017-05-29 18:46:48','Alerte mail déclenchée à cause de hausse de température de 3deg en moins de 5 minutes'),(399,1,NULL,'2017-05-29 18:47:44','Alerte mail déclenchée à cause de humidité en dehors des seuils au living lab de Brest'),(400,2,NULL,'2017-05-29 18:47:48','Alerte mail déclenchée à cause de CO2 au dessus du seuil maximum'),(401,2,NULL,'2017-05-29 18:48:48','Alerte mail déclenchée à cause de CO2 au dessus du seuil maximum'),(402,2,NULL,'2017-05-29 18:49:48','Alerte mail déclenchée à cause de CO2 au dessus du seuil maximum'),(403,2,NULL,'2017-05-29 18:49:49','Alerte mail déclenchée à cause de hausse de température de 3deg en moins de 5 minutes'),(404,1,NULL,'2017-05-30 10:46:46','Alerte mail déclenchée à cause de humidité en dehors des seuils au living lab de Brest'),(405,2,NULL,'2017-05-30 10:46:50','Alerte mail déclenchée à cause de température en dehors des seuils'),(406,1,NULL,'2017-05-30 10:47:46','Alerte mail déclenchée à cause de humidité en dehors des seuils au living lab de Brest'),(407,2,NULL,'2017-05-30 10:47:50','Alerte mail déclenchée à cause de température en dehors des seuils'),(408,1,'Chuck.Norris@isen-ouest.yncrea.fr','2017-05-30 10:48:46','Alerte mail déclenchée à cause de humidité en dehors des seuils au living lab de Brest'),(409,2,NULL,'2017-05-30 10:48:50','Alerte mail déclenchée à cause de température en dehors des seuils'),(410,2,NULL,'2017-05-30 10:48:50','Alerte mail déclenchée à cause de hausse de température de 3deg en moins de 5 minutes'),(411,2,NULL,'2017-05-30 10:49:50','Alerte mail déclenchée à cause de température en dehors des seuils'),(412,2,NULL,'2017-05-30 10:49:50','Alerte mail déclenchée à cause de hausse de température de 3deg en moins de 5 minutes'),(413,2,NULL,'2017-05-30 10:50:50','Alerte mail déclenchée à cause de température en dehors des seuils'),(414,2,NULL,'2017-05-30 10:50:50','Alerte mail déclenchée à cause de hausse de température de 3deg en moins de 5 minutes'),(415,1,'Chuck.Norris@isen-ouest.yncrea.fr','2017-05-30 10:52:46','Alerte mail déclenchée à cause de humidité en dehors des seuils au living lab de Brest'),(416,1,'Chuck.Norris@isen-ouest.yncrea.fr','2017-05-30 10:54:46','Alerte mail déclenchée à cause de humidité en dehors des seuils au living lab de Brest'),(417,1,'Chuck.Norris@isen-ouest.yncrea.fr','2017-05-30 10:55:46','Alerte mail déclenchée à cause de humidité en dehors des seuils au living lab de Brest'),(418,1,'Chuck.Norris@isen-ouest.yncrea.fr','2017-05-30 10:56:46','Alerte mail déclenchée à cause de humidité en dehors des seuils au living lab de Brest'),(419,2,'Steven.Seagal@isen-ouest.yncrea.fr','2017-05-30 10:56:50','Alerte mail déclenchée à cause de température en dehors des seuils'),(420,2,'Steven.Seagal@isen-ouest.yncrea.fr','2017-05-30 10:56:50','Alerte mail déclenchée à cause de hausse de température de 3deg en moins de 5 minutes'),(421,1,'Chuck.Norris@isen-ouest.yncrea.fr','2017-05-30 11:05:46','Alerte mail déclenchée à cause de humidité en dehors des seuils au living lab de Brest'),(422,1,'Chuck.Norris@isen-ouest.yncrea.fr','2017-05-30 11:12:46','Alerte mail déclenchée à cause de humidité en dehors des seuils au living lab de Brest'),(423,2,'Steven.Seagal@isen-ouest.yncrea.fr','2017-05-30 11:12:50','Alerte mail déclenchée à cause de hausse de température de 3deg en moins de 5 minutes'),(424,1,'Chuck.Norris@isen-ouest.yncrea.fr','2017-05-30 11:14:46','Alerte mail déclenchée à cause de humidité en dehors des seuils au living lab de Brest'),(425,1,'Chuck.Norris@isen-ouest.yncrea.fr','2017-05-30 11:15:46','Alerte mail déclenchée à cause de humidité en dehors des seuils au living lab de Brest'),(426,2,'Steven.Seagal@isen-ouest.yncrea.fr','2017-05-30 11:15:50','Alerte mail déclenchée à cause de humidité en dehors des seuils'),(427,2,'Steven.Seagal@isen-ouest.yncrea.fr','2017-05-30 11:16:50','Alerte mail déclenchée à cause de hausse de température de 3deg en moins de 5 minutes'),(428,1,'Chuck.Norris@isen-ouest.yncrea.fr','2017-05-30 11:18:46','Alerte mail déclenchée à cause de humidité en dehors des seuils au living lab de Brest'),(429,1,'Chuck.Norris@isen-ouest.yncrea.fr','2017-05-30 11:19:46','Alerte mail déclenchée à cause de humidité en dehors des seuils au living lab de Brest'),(430,2,'Steven.Seagal@isen-ouest.yncrea.fr','2017-05-30 11:19:50','Alerte mail déclenchée à cause de hausse de température de 3deg en moins de 5 minutes'),(431,1,'Chuck.Norris@isen-ouest.yncrea.fr','2017-05-30 11:20:46','Alerte mail déclenchée à cause de humidité en dehors des seuils au living lab de Brest');
/*!40000 ALTER TABLE `ALERT` ENABLE KEYS */;
UNLOCK TABLES;

--
-- Table structure for table `CONTACT`
--

DROP TABLE IF EXISTS `CONTACT`;
/*!40101 SET @saved_cs_client     = @@character_set_client */;
/*!40101 SET character_set_client = utf8 */;
CREATE TABLE `CONTACT` (
  `MAIL_CONTACT` varchar(50) NOT NULL,
  `LASTNAME_CON` varchar(20) DEFAULT NULL,
  `FIRSTNAME_CON` varchar(20) DEFAULT NULL,
  `PASS_CON` varchar(15) DEFAULT NULL,
  PRIMARY KEY (`MAIL_CONTACT`)
) ENGINE=InnoDB DEFAULT CHARSET=latin1;
/*!40101 SET character_set_client = @saved_cs_client */;

--
-- Dumping data for table `CONTACT`
--

LOCK TABLES `CONTACT` WRITE;
/*!40000 ALTER TABLE `CONTACT` DISABLE KEYS */;
INSERT INTO `CONTACT` VALUES ('matthias.clouet@isen-bretagne.fr','clouet','matthias','root'),('quentin.bourdonnec@laposte.net','bourdonnec','quentin','isen29');
/*!40000 ALTER TABLE `CONTACT` ENABLE KEYS */;
UNLOCK TABLES;

--
-- Table structure for table `PHONE`
--

DROP TABLE IF EXISTS `PHONE`;
/*!40101 SET @saved_cs_client     = @@character_set_client */;
/*!40101 SET character_set_client = utf8 */;
CREATE TABLE `PHONE` (
  `NUMBER` varchar(20) NOT NULL,
  `MAIL_CONTACT` varchar(50) NOT NULL,
  PRIMARY KEY (`NUMBER`),
  KEY `FK_ASSOCIATION_12` (`MAIL_CONTACT`),
  CONSTRAINT `FK_ASSOCIATION_12` FOREIGN KEY (`MAIL_CONTACT`) REFERENCES `CONTACT` (`MAIL_CONTACT`)
) ENGINE=InnoDB DEFAULT CHARSET=latin1;
/*!40101 SET character_set_client = @saved_cs_client */;

--
-- Dumping data for table `PHONE`
--

LOCK TABLES `PHONE` WRITE;
/*!40000 ALTER TABLE `PHONE` DISABLE KEYS */;
INSERT INTO `PHONE` VALUES ('+33649286887','matthias.clouet@isen-bretagne.fr'),('+33672162499','quentin.bourdonnec@laposte.net');
/*!40000 ALTER TABLE `PHONE` ENABLE KEYS */;
UNLOCK TABLES;

--
-- Table structure for table `ROOM`
--

DROP TABLE IF EXISTS `ROOM`;
/*!40101 SET @saved_cs_client     = @@character_set_client */;
/*!40101 SET character_set_client = utf8 */;
CREATE TABLE `ROOM` (
  `ID_ROOM` int(11) NOT NULL,
  `IP` varchar(15) NOT NULL,
  `PORT_R` int(11) DEFAULT NULL,
  `PORT_U` int(11) DEFAULT NULL,
  `LOCALISATION` varchar(30) DEFAULT NULL,
  PRIMARY KEY (`ID_ROOM`)
) ENGINE=InnoDB DEFAULT CHARSET=latin1;
/*!40101 SET character_set_client = @saved_cs_client */;

--
-- Dumping data for table `ROOM`
--

LOCK TABLES `ROOM` WRITE;
/*!40000 ALTER TABLE `ROOM` DISABLE KEYS */;
INSERT INTO `ROOM` VALUES (1,'192.168.199.30',1000,1001,'Brest'),(2,'192.168.199.31',1000,1001,'Rennes');
/*!40000 ALTER TABLE `ROOM` ENABLE KEYS */;
UNLOCK TABLES;

--
-- Table structure for table `SENSOR`
--

DROP TABLE IF EXISTS `SENSOR`;
/*!40101 SET @saved_cs_client     = @@character_set_client */;
/*!40101 SET character_set_client = utf8 */;
CREATE TABLE `SENSOR` (
  `ID_S` int(11) NOT NULL AUTO_INCREMENT,
  `ID_SENSOR` int(11) NOT NULL,
  `ID_ROOM` int(11) DEFAULT NULL,
  `TYPE` varchar(20) NOT NULL,
  `THRESHOLD_HIGH` decimal(8,0) DEFAULT NULL,
  `THRESHOLD_LOW` decimal(8,0) DEFAULT NULL,
  PRIMARY KEY (`ID_S`)
) ENGINE=InnoDB AUTO_INCREMENT=13 DEFAULT CHARSET=latin1;
/*!40101 SET character_set_client = @saved_cs_client */;

--
-- Dumping data for table `SENSOR`
--

LOCK TABLES `SENSOR` WRITE;
/*!40000 ALTER TABLE `SENSOR` DISABLE KEYS */;
INSERT INTO `SENSOR` VALUES (1,1,1,'CO2',1500,1000),(2,2,1,'HUMIDITE',70,35),(3,3,1,'TEMPERATURE',29,17),(4,4,1,'CHUTE',1,0),(5,5,1,'FOUR',1,0),(6,1,2,'CO2',1500,1000),(7,2,2,'HUMIDITE',70,35),(8,3,2,'TEMPERATURE',29,17),(9,4,2,'CHUTE',1,0),(10,5,2,'FOUR',1,0),(11,6,1,'PAS',NULL,NULL),(12,6,2,'PAS',NULL,NULL);
/*!40000 ALTER TABLE `SENSOR` ENABLE KEYS */;
UNLOCK TABLES;

--
-- Table structure for table `SENSORTYPE`
--

DROP TABLE IF EXISTS `SENSORTYPE`;
/*!40101 SET @saved_cs_client     = @@character_set_client */;
/*!40101 SET character_set_client = utf8 */;
CREATE TABLE `SENSORTYPE` (
  `TYPE` varchar(20) NOT NULL,
  PRIMARY KEY (`TYPE`)
) ENGINE=InnoDB DEFAULT CHARSET=latin1;
/*!40101 SET character_set_client = @saved_cs_client */;

--
-- Dumping data for table `SENSORTYPE`
--

LOCK TABLES `SENSORTYPE` WRITE;
/*!40000 ALTER TABLE `SENSORTYPE` DISABLE KEYS */;
INSERT INTO `SENSORTYPE` VALUES ('CHUTE'),('CO2'),('FOUR'),('HUMIDITE'),('PAS'),('TEMPERATURE');
/*!40000 ALTER TABLE `SENSORTYPE` ENABLE KEYS */;
UNLOCK TABLES;

--
-- Table structure for table `USER`
--

DROP TABLE IF EXISTS `USER`;
/*!40101 SET @saved_cs_client     = @@character_set_client */;
/*!40101 SET character_set_client = utf8 */;
CREATE TABLE `USER` (
  `MAIL_USER` varchar(50) NOT NULL,
  `LASTNAME_USER` varchar(30) DEFAULT NULL,
  `FIRSTNAME_USER` varchar(30) DEFAULT NULL,
  `PASS_USER` varchar(15) DEFAULT NULL,
  PRIMARY KEY (`MAIL_USER`)
) ENGINE=InnoDB DEFAULT CHARSET=latin1;
/*!40101 SET character_set_client = @saved_cs_client */;

--
-- Dumping data for table `USER`
--

LOCK TABLES `USER` WRITE;
/*!40000 ALTER TABLE `USER` DISABLE KEYS */;
INSERT INTO `USER` VALUES ('Chuck.Norris@isen-ouest.yncrea.fr','chuck','norris','cukno'),('Steven.Seagal@isen-ouest.yncrea.fr','seagal','steven','stevsea');
/*!40000 ALTER TABLE `USER` ENABLE KEYS */;
UNLOCK TABLES;

--
-- Table structure for table `USER_CONTACT`
--

DROP TABLE IF EXISTS `USER_CONTACT`;
/*!40101 SET @saved_cs_client     = @@character_set_client */;
/*!40101 SET character_set_client = utf8 */;
CREATE TABLE `USER_CONTACT` (
  `MAIL_USER` varchar(50) NOT NULL,
  `MAIL_CONTACT` varchar(50) NOT NULL,
  PRIMARY KEY (`MAIL_USER`,`MAIL_CONTACT`),
  KEY `FK_USER_CONTACT2` (`MAIL_CONTACT`),
  CONSTRAINT `FK_USER_CONTACT` FOREIGN KEY (`MAIL_USER`) REFERENCES `USER` (`MAIL_USER`),
  CONSTRAINT `FK_USER_CONTACT2` FOREIGN KEY (`MAIL_CONTACT`) REFERENCES `CONTACT` (`MAIL_CONTACT`)
) ENGINE=InnoDB DEFAULT CHARSET=latin1;
/*!40101 SET character_set_client = @saved_cs_client */;

--
-- Dumping data for table `USER_CONTACT`
--

LOCK TABLES `USER_CONTACT` WRITE;
/*!40000 ALTER TABLE `USER_CONTACT` DISABLE KEYS */;
INSERT INTO `USER_CONTACT` VALUES ('Steven.Seagal@isen-ouest.yncrea.fr','matthias.clouet@isen-bretagne.fr'),('Chuck.Norris@isen-ouest.yncrea.fr','quentin.bourdonnec@laposte.net');
/*!40000 ALTER TABLE `USER_CONTACT` ENABLE KEYS */;
UNLOCK TABLES;

--
-- Table structure for table `USER_ROOM`
--

DROP TABLE IF EXISTS `USER_ROOM`;
/*!40101 SET @saved_cs_client     = @@character_set_client */;
/*!40101 SET character_set_client = utf8 */;
CREATE TABLE `USER_ROOM` (
  `ID` int(11) NOT NULL AUTO_INCREMENT,
  `ID_ROOM` int(11) NOT NULL,
  `MAIL_USER` varchar(50) NOT NULL,
  `START` datetime DEFAULT NULL,
  `END` datetime DEFAULT NULL,
  PRIMARY KEY (`ID`)
) ENGINE=InnoDB AUTO_INCREMENT=710 DEFAULT CHARSET=latin1;
/*!40101 SET character_set_client = @saved_cs_client */;

--
-- Dumping data for table `USER_ROOM`
--

LOCK TABLES `USER_ROOM` WRITE;
/*!40000 ALTER TABLE `USER_ROOM` DISABLE KEYS */;
INSERT INTO `USER_ROOM` VALUES (1,1,'Chuck.Norris@isen-ouest.yncrea.fr',NULL,NULL),(2,1,'Chuck.Norris@isen-ouest.yncrea.fr',NULL,NULL),(3,1,'Chuck.Norris@isen-ouest.yncrea.fr',NULL,NULL),(4,1,'Chuck.Norris@isen-ouest.yncrea.fr',NULL,NULL),(5,1,'Chuck.Norris@isen-ouest.yncrea.fr',NULL,NULL),(6,1,'Chuck.Norris@isen-ouest.yncrea.fr',NULL,NULL),(7,1,'Chuck.Norris@isen-ouest.yncrea.fr',NULL,NULL),(8,1,'Chuck.Norris@isen-ouest.yncrea.fr',NULL,NULL),(9,1,'Chuck.Norris@isen-ouest.yncrea.fr',NULL,NULL),(10,1,'Chuck.Norris@isen-ouest.yncrea.fr',NULL,NULL),(11,1,'Chuck.Norris@isen-ouest.yncrea.fr',NULL,NULL),(12,1,'Chuck.Norris@isen-ouest.yncrea.fr',NULL,NULL),(13,1,'Chuck.Norris@isen-ouest.yncrea.fr',NULL,NULL),(14,1,'Chuck.Norris@isen-ouest.yncrea.fr',NULL,NULL),(15,1,'Chuck.Norris@isen-ouest.yncrea.fr',NULL,NULL),(16,1,'Chuck.Norris@isen-ouest.yncrea.fr',NULL,NULL),(17,1,'Chuck.Norris@isen-ouest.yncrea.fr',NULL,NULL),(18,1,'Chuck.Norris@isen-ouest.yncrea.fr',NULL,NULL),(19,1,'Chuck.Norris@isen-ouest.yncrea.fr',NULL,NULL),(20,1,'Chuck.Norris@isen-ouest.yncrea.fr',NULL,NULL),(21,1,'Chuck.Norris@isen-ouest.yncrea.fr',NULL,NULL),(22,1,'Chuck.Norris@isen-ouest.yncrea.fr',NULL,NULL),(23,1,'Chuck.Norris@isen-ouest.yncrea.fr',NULL,NULL),(24,1,'Chuck.Norris@isen-ouest.yncrea.fr',NULL,NULL),(25,1,'Chuck.Norris@isen-ouest.yncrea.fr',NULL,NULL),(26,1,'Chuck.Norris@isen-ouest.yncrea.fr',NULL,NULL),(27,1,'Chuck.Norris@isen-ouest.yncrea.fr',NULL,NULL),(28,1,'Chuck.Norris@isen-ouest.yncrea.fr',NULL,NULL),(29,1,'Chuck.Norris@isen-ouest.yncrea.fr',NULL,NULL),(30,1,'Chuck.Norris@isen-ouest.yncrea.fr',NULL,NULL),(31,1,'Chuck.Norris@isen-ouest.yncrea.fr',NULL,NULL),(32,1,'Chuck.Norris@isen-ouest.yncrea.fr',NULL,NULL),(33,1,'Chuck.Norris@isen-ouest.yncrea.fr',NULL,NULL),(34,1,'Chuck.Norris@isen-ouest.yncrea.fr',NULL,NULL),(35,1,'Chuck.Norris@isen-ouest.yncrea.fr',NULL,NULL),(36,1,'Chuck.Norris@isen-ouest.yncrea.fr',NULL,NULL),(37,1,'Chuck.Norris@isen-ouest.yncrea.fr',NULL,NULL),(38,1,'Chuck.Norris@isen-ouest.yncrea.fr',NULL,NULL),(39,1,'Chuck.Norris@isen-ouest.yncrea.fr',NULL,NULL),(40,1,'Chuck.Norris@isen-ouest.yncrea.fr',NULL,NULL),(41,1,'Chuck.Norris@isen-ouest.yncrea.fr',NULL,NULL),(42,1,'Chuck.Norris@isen-ouest.yncrea.fr',NULL,NULL),(43,1,'Chuck.Norris@isen-ouest.yncrea.fr',NULL,NULL),(44,1,'Chuck.Norris@isen-ouest.yncrea.fr',NULL,NULL),(45,1,'Chuck.Norris@isen-ouest.yncrea.fr',NULL,NULL),(46,1,'Chuck.Norris@isen-ouest.yncrea.fr',NULL,NULL),(47,1,'Chuck.Norris@isen-ouest.yncrea.fr',NULL,NULL),(48,1,'Chuck.Norris@isen-ouest.yncrea.fr',NULL,NULL),(49,1,'Chuck.Norris@isen-ouest.yncrea.fr',NULL,NULL),(50,1,'Chuck.Norris@isen-ouest.yncrea.fr',NULL,NULL),(51,1,'Chuck.Norris@isen-ouest.yncrea.fr',NULL,NULL),(52,1,'Chuck.Norris@isen-ouest.yncrea.fr',NULL,NULL),(53,1,'Chuck.Norris@isen-ouest.yncrea.fr',NULL,NULL),(54,1,'Chuck.Norris@isen-ouest.yncrea.fr',NULL,NULL),(55,1,'Chuck.Norris@isen-ouest.yncrea.fr',NULL,NULL),(56,1,'Chuck.Norris@isen-ouest.yncrea.fr',NULL,NULL),(57,1,'Chuck.Norris@isen-ouest.yncrea.fr',NULL,NULL),(58,1,'Chuck.Norris@isen-ouest.yncrea.fr',NULL,NULL),(59,1,'Chuck.Norris@isen-ouest.yncrea.fr',NULL,NULL),(60,1,'Chuck.Norris@isen-ouest.yncrea.fr',NULL,NULL),(61,1,'Chuck.Norris@isen-ouest.yncrea.fr',NULL,NULL),(62,1,'Chuck.Norris@isen-ouest.yncrea.fr',NULL,NULL),(63,1,'Chuck.Norris@isen-ouest.yncrea.fr',NULL,NULL),(64,1,'Chuck.Norris@isen-ouest.yncrea.fr',NULL,NULL),(65,1,'Chuck.Norris@isen-ouest.yncrea.fr',NULL,NULL),(66,1,'Chuck.Norris@isen-ouest.yncrea.fr',NULL,NULL),(67,1,'Chuck.Norris@isen-ouest.yncrea.fr',NULL,NULL),(68,1,'Chuck.Norris@isen-ouest.yncrea.fr',NULL,NULL),(69,1,'Chuck.Norris@isen-ouest.yncrea.fr',NULL,NULL),(70,1,'Chuck.Norris@isen-ouest.yncrea.fr',NULL,NULL),(71,1,'Chuck.Norris@isen-ouest.yncrea.fr',NULL,NULL),(72,1,'Chuck.Norris@isen-ouest.yncrea.fr',NULL,NULL),(73,1,'Chuck.Norris@isen-ouest.yncrea.fr',NULL,NULL),(74,1,'Chuck.Norris@isen-ouest.yncrea.fr',NULL,NULL),(75,1,'Chuck.Norris@isen-ouest.yncrea.fr',NULL,NULL),(76,1,'Chuck.Norris@isen-ouest.yncrea.fr',NULL,NULL),(77,1,'Chuck.Norris@isen-ouest.yncrea.fr',NULL,NULL),(78,1,'Chuck.Norris@isen-ouest.yncrea.fr',NULL,NULL),(79,1,'Chuck.Norris@isen-ouest.yncrea.fr',NULL,NULL),(80,1,'Chuck.Norris@isen-ouest.yncrea.fr',NULL,NULL),(81,1,'Chuck.Norris@isen-ouest.yncrea.fr',NULL,NULL),(82,1,'Chuck.Norris@isen-ouest.yncrea.fr',NULL,NULL),(83,1,'Chuck.Norris@isen-ouest.yncrea.fr',NULL,NULL),(84,1,'Chuck.Norris@isen-ouest.yncrea.fr',NULL,NULL),(85,1,'',NULL,NULL),(86,1,'',NULL,NULL),(87,1,'',NULL,NULL),(88,1,'',NULL,NULL),(89,1,'',NULL,NULL),(90,1,'',NULL,NULL),(91,1,'',NULL,NULL),(92,1,'',NULL,NULL),(93,1,'',NULL,NULL),(94,1,'',NULL,NULL),(95,1,'',NULL,NULL),(96,1,'',NULL,NULL),(97,1,'',NULL,NULL),(98,1,'',NULL,NULL),(99,1,'',NULL,NULL),(100,1,'',NULL,NULL),(101,1,'',NULL,NULL),(102,1,'',NULL,NULL),(103,1,'',NULL,NULL),(104,1,'',NULL,NULL),(105,1,'',NULL,NULL),(106,1,'',NULL,NULL),(107,1,'',NULL,NULL),(108,1,'',NULL,NULL),(109,1,'',NULL,NULL),(110,1,'',NULL,NULL),(111,1,'',NULL,NULL),(112,1,'',NULL,NULL),(113,1,'',NULL,NULL),(114,1,'',NULL,NULL),(115,1,'',NULL,NULL),(116,1,'',NULL,NULL),(117,1,'',NULL,NULL),(118,1,'',NULL,NULL),(119,1,'',NULL,NULL),(120,1,'',NULL,NULL),(121,1,'',NULL,NULL),(122,1,'',NULL,NULL),(123,1,'',NULL,NULL),(124,1,'',NULL,NULL),(125,1,'',NULL,NULL),(126,1,'',NULL,NULL),(127,1,'',NULL,NULL),(128,1,'',NULL,NULL),(129,1,'',NULL,NULL),(130,1,'',NULL,NULL),(131,1,'',NULL,NULL),(132,1,'',NULL,NULL),(133,1,'',NULL,NULL),(134,1,'',NULL,NULL),(135,1,'',NULL,NULL),(136,1,'',NULL,NULL),(137,1,'',NULL,NULL),(138,1,'',NULL,NULL),(139,1,'',NULL,NULL),(140,1,'',NULL,NULL),(141,1,'',NULL,NULL),(142,1,'',NULL,NULL),(143,1,'',NULL,NULL),(144,1,'',NULL,NULL),(145,1,'',NULL,NULL),(146,1,'',NULL,NULL),(147,1,'',NULL,NULL),(148,1,'',NULL,NULL),(149,1,'',NULL,NULL),(150,1,'',NULL,NULL),(151,1,'',NULL,NULL),(152,1,'',NULL,NULL),(153,1,'',NULL,NULL),(154,1,'',NULL,NULL),(155,1,'',NULL,NULL),(156,1,'',NULL,NULL),(157,1,'',NULL,NULL),(158,1,'',NULL,NULL),(159,1,'',NULL,NULL),(160,1,'',NULL,NULL),(161,1,'',NULL,NULL),(162,1,'',NULL,NULL),(163,1,'',NULL,NULL),(164,1,'',NULL,NULL),(165,1,'',NULL,NULL),(166,1,'',NULL,NULL),(167,1,'',NULL,NULL),(168,1,'',NULL,NULL),(169,1,'',NULL,NULL),(170,1,'',NULL,NULL),(171,1,'',NULL,NULL),(172,1,'',NULL,NULL),(173,1,'',NULL,NULL),(174,1,'',NULL,NULL),(175,1,'',NULL,NULL),(176,1,'',NULL,NULL),(177,1,'',NULL,NULL),(178,1,'',NULL,NULL),(179,1,'',NULL,NULL),(180,1,'',NULL,NULL),(181,1,'',NULL,NULL),(182,1,'',NULL,NULL),(183,1,'',NULL,NULL),(184,1,'',NULL,NULL),(185,1,'',NULL,NULL),(186,1,'',NULL,NULL),(187,1,'',NULL,NULL),(188,1,'',NULL,NULL),(189,1,'',NULL,NULL),(190,1,'',NULL,NULL),(191,1,'',NULL,NULL),(192,1,'',NULL,NULL),(193,1,'',NULL,NULL),(194,1,'',NULL,NULL),(195,1,'',NULL,NULL),(196,1,'Chuck.Norris@isen-ouest.yncrea.fr',NULL,NULL),(197,1,'Chuck.Norris@isen-ouest.yncrea.fr',NULL,NULL),(198,1,'Chuck.Norris@isen-ouest.yncrea.fr',NULL,NULL),(199,1,'Chuck.Norris@isen-ouest.yncrea.fr',NULL,NULL),(200,1,'Chuck.Norris@isen-ouest.yncrea.fr',NULL,NULL),(201,1,'Chuck.Norris@isen-ouest.yncrea.fr',NULL,NULL),(202,1,'Chuck.Norris@isen-ouest.yncrea.fr',NULL,NULL),(203,1,'Chuck.Norris@isen-ouest.yncrea.fr',NULL,NULL),(204,1,'Chuck.Norris@isen-ouest.yncrea.fr',NULL,NULL),(205,1,'Chuck.Norris@isen-ouest.yncrea.fr',NULL,NULL),(206,1,'Chuck.Norris@isen-ouest.yncrea.fr',NULL,NULL),(207,1,'Chuck.Norris@isen-ouest.yncrea.fr',NULL,NULL),(208,1,'Chuck.Norris@isen-ouest.yncrea.fr',NULL,NULL),(209,1,'Chuck.Norris@isen-ouest.yncrea.fr',NULL,NULL),(210,1,'Chuck.Norris@isen-ouest.yncrea.fr',NULL,NULL),(211,1,'Chuck.Norris@isen-ouest.yncrea.fr',NULL,NULL),(212,1,'Chuck.Norris@isen-ouest.yncrea.fr',NULL,NULL),(213,1,'Chuck.Norris@isen-ouest.yncrea.fr',NULL,NULL),(214,1,'Chuck.Norris@isen-ouest.yncrea.fr',NULL,NULL),(215,1,'Chuck.Norris@isen-ouest.yncrea.fr',NULL,NULL),(216,1,'Steven.Seagal@isen-ouest.yncrea.fr',NULL,NULL),(217,1,'Chuck.Norris@isen-ouest.yncrea.fr',NULL,NULL),(218,1,'Steven.Seagal@isen-ouest.yncrea.fr',NULL,NULL),(219,1,'Chuck.Norris@isen-ouest.yncrea.fr',NULL,NULL),(220,1,'Steven.Seagal@isen-ouest.yncrea.fr',NULL,NULL),(221,1,'Chuck.Norris@isen-ouest.yncrea.fr',NULL,NULL),(222,1,'Steven.Seagal@isen-ouest.yncrea.fr',NULL,NULL),(223,1,'Chuck.Norris@isen-ouest.yncrea.fr',NULL,NULL),(224,1,'Chuck.Norris@isen-ouest.yncrea.fr',NULL,NULL),(225,1,'Chuck.Norris@isen-ouest.yncrea.fr',NULL,NULL),(226,1,'Steven.Seagal@isen-ouest.yncrea.fr',NULL,NULL),(227,1,'Chuck.Norris@isen-ouest.yncrea.fr',NULL,NULL),(228,1,'Steven.Seagal@isen-ouest.yncrea.fr',NULL,NULL),(229,1,'Chuck.Norris@isen-ouest.yncrea.fr',NULL,NULL),(230,1,'Steven.Seagal@isen-ouest.yncrea.fr',NULL,NULL),(231,1,'Chuck.Norris@isen-ouest.yncrea.fr',NULL,NULL),(232,1,'Chuck.Norris@isen-ouest.yncrea.fr',NULL,NULL),(233,1,'Steven.Seagal@isen-ouest.yncrea.fr',NULL,NULL),(234,1,'Chuck.Norris@isen-ouest.yncrea.fr',NULL,NULL),(235,1,'Chuck.Norris@isen-ouest.yncrea.fr',NULL,NULL),(236,1,'Chuck.Norris@isen-ouest.yncrea.fr',NULL,NULL),(237,1,'Chuck.Norris@isen-ouest.yncrea.fr',NULL,NULL),(238,1,'Steven.Seagal@isen-ouest.yncrea.fr',NULL,NULL),(239,1,'Chuck.Norris@isen-ouest.yncrea.fr',NULL,NULL),(240,1,'Chuck.Norris@isen-ouest.yncrea.fr',NULL,NULL),(241,1,'Chuck.Norris@isen-ouest.yncrea.fr',NULL,NULL),(242,1,'Steven.Seagal@isen-ouest.yncrea.fr',NULL,NULL),(243,1,'Chuck.Norris@isen-ouest.yncrea.fr',NULL,NULL),(244,1,'Chuck.Norris@isen-ouest.yncrea.fr',NULL,NULL),(245,1,'Chuck.Norris@isen-ouest.yncrea.fr',NULL,NULL),(246,1,'Steven.Seagal@isen-ouest.yncrea.fr',NULL,NULL),(247,1,'Chuck.Norris@isen-ouest.yncrea.fr',NULL,NULL),(248,1,'Chuck.Norris@isen-ouest.yncrea.fr',NULL,NULL),(249,1,'Steven.Seagal@isen-ouest.yncrea.fr',NULL,NULL),(250,1,'Chuck.Norris@isen-ouest.yncrea.fr',NULL,NULL),(251,1,'Steven.Seagal@isen-ouest.yncrea.fr',NULL,NULL),(252,1,'Chuck.Norris@isen-ouest.yncrea.fr',NULL,NULL),(253,1,'Steven.Seagal@isen-ouest.yncrea.fr',NULL,NULL),(254,1,'Chuck.Norris@isen-ouest.yncrea.fr',NULL,NULL),(255,1,'Chuck.Norris@isen-ouest.yncrea.fr',NULL,NULL),(256,1,'Steven.Seagal@isen-ouest.yncrea.fr',NULL,NULL),(257,1,'Chuck.Norris@isen-ouest.yncrea.fr',NULL,NULL),(258,1,'Steven.Seagal@isen-ouest.yncrea.fr',NULL,NULL),(259,1,'Chuck.Norris@isen-ouest.yncrea.fr',NULL,NULL),(260,1,'Steven.Seagal@isen-ouest.yncrea.fr',NULL,NULL),(261,1,'Chuck.Norris@isen-ouest.yncrea.fr',NULL,NULL),(262,1,'Chuck.Norris@isen-ouest.yncrea.fr',NULL,NULL),(263,1,'Steven.Seagal@isen-ouest.yncrea.fr',NULL,NULL),(264,1,'Chuck.Norris@isen-ouest.yncrea.fr',NULL,NULL),(265,1,'Steven.Seagal@isen-ouest.yncrea.fr',NULL,NULL),(266,1,'Chuck.Norris@isen-ouest.yncrea.fr',NULL,NULL),(267,1,'Steven.Seagal@isen-ouest.yncrea.fr',NULL,NULL),(268,1,'Chuck.Norris@isen-ouest.yncrea.fr',NULL,NULL),(269,1,'Chuck.Norris@isen-ouest.yncrea.fr',NULL,NULL),(270,1,'Steven.Seagal@isen-ouest.yncrea.fr',NULL,NULL),(271,1,'Chuck.Norris@isen-ouest.yncrea.fr',NULL,NULL),(272,1,'Steven.Seagal@isen-ouest.yncrea.fr',NULL,NULL),(273,1,'Chuck.Norris@isen-ouest.yncrea.fr',NULL,NULL),(274,1,'Steven.Seagal@isen-ouest.yncrea.fr',NULL,NULL),(275,1,'Chuck.Norris@isen-ouest.yncrea.fr',NULL,NULL),(276,1,'Chuck.Norris@isen-ouest.yncrea.fr',NULL,NULL),(277,1,'Steven.Seagal@isen-ouest.yncrea.fr',NULL,NULL),(278,1,'Chuck.Norris@isen-ouest.yncrea.fr',NULL,NULL),(279,1,'Steven.Seagal@isen-ouest.yncrea.fr',NULL,NULL),(280,1,'',NULL,NULL),(281,1,'Steven.Seagal@isen-ouest.yncrea.fr',NULL,NULL),(282,1,'',NULL,NULL),(283,1,'Steven.Seagal@isen-ouest.yncrea.fr',NULL,NULL),(284,1,'',NULL,NULL),(285,1,'',NULL,NULL),(286,1,'Steven.Seagal@isen-ouest.yncrea.fr',NULL,NULL),(287,1,'',NULL,NULL),(288,1,'Steven.Seagal@isen-ouest.yncrea.fr',NULL,NULL),(289,1,'',NULL,NULL),(290,1,'Steven.Seagal@isen-ouest.yncrea.fr',NULL,NULL),(291,1,'',NULL,NULL),(292,1,'',NULL,NULL),(293,1,'Steven.Seagal@isen-ouest.yncrea.fr',NULL,NULL),(294,1,'',NULL,NULL),(295,1,'Steven.Seagal@isen-ouest.yncrea.fr',NULL,NULL),(296,1,'',NULL,NULL),(297,1,'Steven.Seagal@isen-ouest.yncrea.fr',NULL,NULL),(298,1,'',NULL,NULL),(299,1,'',NULL,NULL),(300,1,'Steven.Seagal@isen-ouest.yncrea.fr',NULL,NULL),(301,1,'',NULL,NULL),(302,1,'Steven.Seagal@isen-ouest.yncrea.fr',NULL,NULL),(303,1,'',NULL,NULL),(304,1,'Steven.Seagal@isen-ouest.yncrea.fr',NULL,NULL),(305,1,'',NULL,NULL),(306,1,'',NULL,NULL),(307,1,'',NULL,NULL),(308,1,'',NULL,NULL),(309,1,'Steven.Seagal@isen-ouest.yncrea.fr',NULL,NULL),(310,1,'',NULL,NULL),(311,1,'',NULL,NULL),(312,1,'',NULL,NULL),(313,1,'Steven.Seagal@isen-ouest.yncrea.fr',NULL,NULL),(314,1,'',NULL,NULL),(315,1,'Chuck.Norris@isen-ouest.yncrea.fr',NULL,NULL),(316,1,'',NULL,NULL),(317,1,'Chuck.Norris@isen-ouest.yncrea.fr',NULL,NULL),(318,1,'',NULL,NULL),(319,1,'Chuck.Norris@isen-ouest.yncrea.fr',NULL,NULL),(320,1,'',NULL,NULL),(321,1,'Chuck.Norris@isen-ouest.yncrea.fr',NULL,NULL),(322,1,'Chuck.Norris@isen-ouest.yncrea.fr',NULL,NULL),(323,1,'Steven.Seagal@isen-ouest.yncrea.fr',NULL,NULL),(324,1,'Chuck.Norris@isen-ouest.yncrea.fr',NULL,NULL),(325,1,'Chuck.Norris@isen-ouest.yncrea.fr',NULL,NULL),(326,1,'Chuck.Norris@isen-ouest.yncrea.fr',NULL,NULL),(327,1,'Steven.Seagal@isen-ouest.yncrea.fr',NULL,NULL),(328,1,'',NULL,NULL),(329,1,'',NULL,NULL),(330,1,'Steven.Seagal@isen-ouest.yncrea.fr',NULL,NULL),(331,1,'',NULL,NULL),(332,1,'Steven.Seagal@isen-ouest.yncrea.fr',NULL,NULL),(333,1,'',NULL,NULL),(334,1,'Steven.Seagal@isen-ouest.yncrea.fr',NULL,NULL),(335,1,'',NULL,NULL),(336,1,'Chuck.Norris@isen-ouest.yncrea.fr',NULL,NULL),(337,1,'Steven.Seagal@isen-ouest.yncrea.fr',NULL,NULL),(338,1,'Chuck.Norris@isen-ouest.yncrea.fr',NULL,NULL),(339,1,'Steven.Seagal@isen-ouest.yncrea.fr',NULL,NULL),(340,1,'Chuck.Norris@isen-ouest.yncrea.fr',NULL,NULL),(341,1,'Steven.Seagal@isen-ouest.yncrea.fr',NULL,NULL),(342,1,'Chuck.Norris@isen-ouest.yncrea.fr',NULL,NULL),(343,1,'Chuck.Norris@isen-ouest.yncrea.fr',NULL,NULL),(344,1,'Steven.Seagal@isen-ouest.yncrea.fr',NULL,NULL),(345,1,'Chuck.Norris@isen-ouest.yncrea.fr',NULL,NULL),(346,1,'Steven.Seagal@isen-ouest.yncrea.fr',NULL,NULL),(347,1,'Chuck.Norris@isen-ouest.yncrea.fr',NULL,NULL),(348,1,'Steven.Seagal@isen-ouest.yncrea.fr',NULL,NULL),(349,1,'Chuck.Norris@isen-ouest.yncrea.fr',NULL,NULL),(350,1,'Chuck.Norris@isen-ouest.yncrea.fr',NULL,NULL),(351,1,'Steven.Seagal@isen-ouest.yncrea.fr',NULL,NULL),(352,1,'Chuck.Norris@isen-ouest.yncrea.fr',NULL,NULL),(353,1,'Steven.Seagal@isen-ouest.yncrea.fr',NULL,NULL),(354,1,'Chuck.Norris@isen-ouest.yncrea.fr',NULL,NULL),(355,1,'Steven.Seagal@isen-ouest.yncrea.fr',NULL,NULL),(356,1,'Chuck.Norris@isen-ouest.yncrea.fr',NULL,NULL),(357,1,'Chuck.Norris@isen-ouest.yncrea.fr',NULL,NULL),(358,1,'Chuck.Norris@isen-ouest.yncrea.fr',NULL,NULL),(359,1,'Chuck.Norris@isen-ouest.yncrea.fr',NULL,NULL),(360,1,'Chuck.Norris@isen-ouest.yncrea.fr',NULL,NULL),(361,1,'Chuck.Norris@isen-ouest.yncrea.fr',NULL,NULL),(362,1,'Steven.Seagal@isen-ouest.yncrea.fr',NULL,NULL),(363,1,'Chuck.Norris@isen-ouest.yncrea.fr',NULL,NULL),(364,1,'Chuck.Norris@isen-ouest.yncrea.fr',NULL,NULL),(365,1,'Steven.Seagal@isen-ouest.yncrea.fr',NULL,NULL),(366,1,'Chuck.Norris@isen-ouest.yncrea.fr',NULL,NULL),(367,1,'Chuck.Norris@isen-ouest.yncrea.fr',NULL,NULL),(368,1,'Chuck.Norris@isen-ouest.yncrea.fr',NULL,NULL),(369,1,'Steven.Seagal@isen-ouest.yncrea.fr',NULL,NULL),(370,1,'Chuck.Norris@isen-ouest.yncrea.fr',NULL,NULL),(371,1,'Chuck.Norris@isen-ouest.yncrea.fr',NULL,NULL),(372,1,'Chuck.Norris@isen-ouest.yncrea.fr',NULL,NULL),(373,1,'Chuck.Norris@isen-ouest.yncrea.fr',NULL,NULL),(374,1,'Chuck.Norris@isen-ouest.yncrea.fr',NULL,NULL),(375,1,'Chuck.Norris@isen-ouest.yncrea.fr',NULL,NULL),(376,1,'Chuck.Norris@isen-ouest.yncrea.fr',NULL,NULL),(377,1,'Chuck.Norris@isen-ouest.yncrea.fr',NULL,NULL),(378,1,'Chuck.Norris@isen-ouest.yncrea.fr',NULL,NULL),(379,1,'Chuck.Norris@isen-ouest.yncrea.fr',NULL,NULL),(380,1,'Chuck.Norris@isen-ouest.yncrea.fr',NULL,NULL),(381,1,'Chuck.Norris@isen-ouest.yncrea.fr',NULL,NULL),(382,1,'Chuck.Norris@isen-ouest.yncrea.fr',NULL,NULL),(383,1,'Chuck.Norris@isen-ouest.yncrea.fr',NULL,NULL),(384,1,'Chuck.Norris@isen-ouest.yncrea.fr',NULL,NULL),(385,1,'Chuck.Norris@isen-ouest.yncrea.fr',NULL,NULL),(386,1,'Steven.Seagal@isen-ouest.yncrea.fr',NULL,NULL),(387,1,'Chuck.Norris@isen-ouest.yncrea.fr',NULL,NULL),(388,1,'Steven.Seagal@isen-ouest.yncrea.fr',NULL,NULL),(389,1,'Chuck.Norris@isen-ouest.yncrea.fr',NULL,NULL),(390,1,'Steven.Seagal@isen-ouest.yncrea.fr',NULL,NULL),(391,1,'Chuck.Norris@isen-ouest.yncrea.fr',NULL,NULL),(392,1,'Steven.Seagal@isen-ouest.yncrea.fr',NULL,NULL),(393,1,'Chuck.Norris@isen-ouest.yncrea.fr',NULL,NULL),(394,1,'Steven.Seagal@isen-ouest.yncrea.fr',NULL,NULL),(395,1,'Chuck.Norris@isen-ouest.yncrea.fr',NULL,NULL),(396,1,'Steven.Seagal@isen-ouest.yncrea.fr',NULL,NULL),(397,1,'Chuck.Norris@isen-ouest.yncrea.fr',NULL,NULL),(398,1,'Steven.Seagal@isen-ouest.yncrea.fr',NULL,NULL),(399,1,'Chuck.Norris@isen-ouest.yncrea.fr',NULL,NULL),(400,1,'Steven.Seagal@isen-ouest.yncrea.fr',NULL,NULL),(401,1,'Chuck.Norris@isen-ouest.yncrea.fr',NULL,NULL),(402,1,'Steven.Seagal@isen-ouest.yncrea.fr',NULL,NULL),(403,1,'Chuck.Norris@isen-ouest.yncrea.fr',NULL,NULL),(404,1,'Steven.Seagal@isen-ouest.yncrea.fr',NULL,NULL),(405,1,'Chuck.Norris@isen-ouest.yncrea.fr',NULL,NULL),(406,1,'Steven.Seagal@isen-ouest.yncrea.fr',NULL,NULL),(407,1,'Chuck.Norris@isen-ouest.yncrea.fr',NULL,NULL),(408,1,'Steven.Seagal@isen-ouest.yncrea.fr',NULL,NULL),(409,1,'Chuck.Norris@isen-ouest.yncrea.fr',NULL,NULL),(410,1,'Steven.Seagal@isen-ouest.yncrea.fr',NULL,NULL),(411,1,'Chuck.Norris@isen-ouest.yncrea.fr',NULL,NULL),(412,1,'Steven.Seagal@isen-ouest.yncrea.fr',NULL,NULL),(413,1,'Chuck.Norris@isen-ouest.yncrea.fr',NULL,NULL),(414,1,'Steven.Seagal@isen-ouest.yncrea.fr',NULL,NULL),(415,1,'Chuck.Norris@isen-ouest.yncrea.fr',NULL,NULL),(416,1,'Steven.Seagal@isen-ouest.yncrea.fr',NULL,NULL),(417,1,'Chuck.Norris@isen-ouest.yncrea.fr',NULL,NULL),(418,1,'Steven.Seagal@isen-ouest.yncrea.fr',NULL,NULL),(419,1,'Chuck.Norris@isen-ouest.yncrea.fr',NULL,NULL),(420,1,'Steven.Seagal@isen-ouest.yncrea.fr',NULL,NULL),(421,1,'Chuck.Norris@isen-ouest.yncrea.fr',NULL,NULL),(422,1,'Steven.Seagal@isen-ouest.yncrea.fr',NULL,NULL),(423,1,'Chuck.Norris@isen-ouest.yncrea.fr',NULL,NULL),(424,1,'Steven.Seagal@isen-ouest.yncrea.fr',NULL,NULL),(425,1,'Chuck.Norris@isen-ouest.yncrea.fr',NULL,NULL),(426,1,'Steven.Seagal@isen-ouest.yncrea.fr',NULL,NULL),(427,1,'Chuck.Norris@isen-ouest.yncrea.fr',NULL,NULL),(428,1,'Steven.Seagal@isen-ouest.yncrea.fr',NULL,NULL),(429,1,'Chuck.Norris@isen-ouest.yncrea.fr',NULL,NULL),(430,1,'Steven.Seagal@isen-ouest.yncrea.fr',NULL,NULL),(431,1,'Chuck.Norris@isen-ouest.yncrea.fr',NULL,NULL),(432,1,'Steven.Seagal@isen-ouest.yncrea.fr',NULL,NULL),(433,1,'Chuck.Norris@isen-ouest.yncrea.fr',NULL,NULL),(434,1,'Steven.Seagal@isen-ouest.yncrea.fr',NULL,NULL),(435,1,'Chuck.Norris@isen-ouest.yncrea.fr',NULL,NULL),(436,1,'Steven.Seagal@isen-ouest.yncrea.fr',NULL,NULL),(437,1,'Chuck.Norris@isen-ouest.yncrea.fr',NULL,NULL),(438,1,'Steven.Seagal@isen-ouest.yncrea.fr',NULL,NULL),(439,1,'Chuck.Norris@isen-ouest.yncrea.fr',NULL,NULL),(440,1,'Steven.Seagal@isen-ouest.yncrea.fr',NULL,NULL),(441,1,'Chuck.Norris@isen-ouest.yncrea.fr',NULL,NULL),(442,1,'Steven.Seagal@isen-ouest.yncrea.fr',NULL,NULL),(443,1,'Chuck.Norris@isen-ouest.yncrea.fr',NULL,NULL),(444,1,'Steven.Seagal@isen-ouest.yncrea.fr',NULL,NULL),(445,1,'Chuck.Norris@isen-ouest.yncrea.fr',NULL,NULL),(446,1,'Steven.Seagal@isen-ouest.yncrea.fr',NULL,NULL),(447,1,'Chuck.Norris@isen-ouest.yncrea.fr',NULL,NULL),(448,1,'Steven.Seagal@isen-ouest.yncrea.fr',NULL,NULL),(449,1,'Chuck.Norris@isen-ouest.yncrea.fr',NULL,NULL),(450,1,'Steven.Seagal@isen-ouest.yncrea.fr',NULL,NULL),(451,1,'Chuck.Norris@isen-ouest.yncrea.fr',NULL,NULL),(452,1,'Chuck.Norris@isen-ouest.yncrea.fr',NULL,NULL),(453,1,'Steven.Seagal@isen-ouest.yncrea.fr',NULL,NULL),(454,1,'Chuck.Norris@isen-ouest.yncrea.fr',NULL,NULL),(455,1,'Steven.Seagal@isen-ouest.yncrea.fr',NULL,NULL),(456,1,'Chuck.Norris@isen-ouest.yncrea.fr',NULL,NULL),(457,1,'Steven.Seagal@isen-ouest.yncrea.fr',NULL,NULL),(458,1,'Chuck.Norris@isen-ouest.yncrea.fr',NULL,NULL),(459,1,'Steven.Seagal@isen-ouest.yncrea.fr',NULL,NULL),(460,1,'Chuck.Norris@isen-ouest.yncrea.fr',NULL,NULL),(461,1,'Steven.Seagal@isen-ouest.yncrea.fr',NULL,NULL),(462,1,'Chuck.Norris@isen-ouest.yncrea.fr',NULL,NULL),(463,1,'Steven.Seagal@isen-ouest.yncrea.fr',NULL,NULL),(464,1,'Chuck.Norris@isen-ouest.yncrea.fr',NULL,NULL),(465,1,'Steven.Seagal@isen-ouest.yncrea.fr',NULL,NULL),(466,1,'Chuck.Norris@isen-ouest.yncrea.fr',NULL,NULL),(467,1,'Steven.Seagal@isen-ouest.yncrea.fr',NULL,NULL),(468,1,'Chuck.Norris@isen-ouest.yncrea.fr',NULL,NULL),(469,1,'Steven.Seagal@isen-ouest.yncrea.fr',NULL,NULL),(470,1,'Chuck.Norris@isen-ouest.yncrea.fr',NULL,NULL),(471,1,'Steven.Seagal@isen-ouest.yncrea.fr',NULL,NULL),(472,1,'Chuck.Norris@isen-ouest.yncrea.fr',NULL,NULL),(473,1,'Steven.Seagal@isen-ouest.yncrea.fr',NULL,NULL),(474,1,'Chuck.Norris@isen-ouest.yncrea.fr',NULL,NULL),(475,1,'Steven.Seagal@isen-ouest.yncrea.fr',NULL,NULL),(476,1,'Chuck.Norris@isen-ouest.yncrea.fr',NULL,NULL),(477,1,'Steven.Seagal@isen-ouest.yncrea.fr',NULL,NULL),(478,1,'Chuck.Norris@isen-ouest.yncrea.fr',NULL,NULL),(479,1,'Steven.Seagal@isen-ouest.yncrea.fr',NULL,NULL),(480,1,'Chuck.Norris@isen-ouest.yncrea.fr',NULL,NULL),(481,1,'Steven.Seagal@isen-ouest.yncrea.fr',NULL,NULL),(482,1,'Chuck.Norris@isen-ouest.yncrea.fr',NULL,NULL),(483,1,'Steven.Seagal@isen-ouest.yncrea.fr',NULL,NULL),(484,1,'Chuck.Norris@isen-ouest.yncrea.fr',NULL,NULL),(485,1,'Steven.Seagal@isen-ouest.yncrea.fr',NULL,NULL),(486,1,'Chuck.Norris@isen-ouest.yncrea.fr',NULL,NULL),(487,1,'Steven.Seagal@isen-ouest.yncrea.fr',NULL,NULL),(488,1,'Chuck.Norris@isen-ouest.yncrea.fr',NULL,NULL),(489,1,'Steven.Seagal@isen-ouest.yncrea.fr',NULL,NULL),(490,1,'Chuck.Norris@isen-ouest.yncrea.fr',NULL,NULL),(491,1,'Steven.Seagal@isen-ouest.yncrea.fr',NULL,NULL),(492,1,'Chuck.Norris@isen-ouest.yncrea.fr',NULL,NULL),(493,1,'Steven.Seagal@isen-ouest.yncrea.fr',NULL,NULL),(494,1,'Chuck.Norris@isen-ouest.yncrea.fr',NULL,NULL),(495,1,'Steven.Seagal@isen-ouest.yncrea.fr',NULL,NULL),(496,1,'Chuck.Norris@isen-ouest.yncrea.fr',NULL,NULL),(497,1,'Steven.Seagal@isen-ouest.yncrea.fr',NULL,NULL),(498,1,'Chuck.Norris@isen-ouest.yncrea.fr',NULL,NULL),(499,1,'Steven.Seagal@isen-ouest.yncrea.fr',NULL,NULL),(500,1,'Chuck.Norris@isen-ouest.yncrea.fr',NULL,NULL),(501,1,'Steven.Seagal@isen-ouest.yncrea.fr',NULL,NULL),(502,1,'Chuck.Norris@isen-ouest.yncrea.fr',NULL,NULL),(503,1,'Steven.Seagal@isen-ouest.yncrea.fr',NULL,NULL),(504,1,'Chuck.Norris@isen-ouest.yncrea.fr',NULL,NULL),(505,1,'Steven.Seagal@isen-ouest.yncrea.fr',NULL,NULL),(506,1,'Chuck.Norris@isen-ouest.yncrea.fr',NULL,NULL),(507,1,'Steven.Seagal@isen-ouest.yncrea.fr',NULL,NULL),(508,1,'Chuck.Norris@isen-ouest.yncrea.fr',NULL,NULL),(509,1,'Steven.Seagal@isen-ouest.yncrea.fr',NULL,NULL),(510,1,'Chuck.Norris@isen-ouest.yncrea.fr',NULL,NULL),(511,1,'Chuck.Norris@isen-ouest.yncrea.fr',NULL,NULL),(512,1,'Steven.Seagal@isen-ouest.yncrea.fr',NULL,NULL),(513,1,'Chuck.Norris@isen-ouest.yncrea.fr',NULL,NULL),(514,1,'Steven.Seagal@isen-ouest.yncrea.fr',NULL,NULL),(515,1,'Chuck.Norris@isen-ouest.yncrea.fr',NULL,NULL),(516,1,'Steven.Seagal@isen-ouest.yncrea.fr',NULL,NULL),(517,1,'Chuck.Norris@isen-ouest.yncrea.fr',NULL,NULL),(518,1,'Steven.Seagal@isen-ouest.yncrea.fr',NULL,NULL),(519,1,'Chuck.Norris@isen-ouest.yncrea.fr',NULL,NULL),(520,1,'Steven.Seagal@isen-ouest.yncrea.fr',NULL,NULL),(521,1,'Chuck.Norris@isen-ouest.yncrea.fr',NULL,NULL),(522,1,'Steven.Seagal@isen-ouest.yncrea.fr',NULL,NULL),(523,1,'Chuck.Norris@isen-ouest.yncrea.fr',NULL,NULL),(524,1,'Steven.Seagal@isen-ouest.yncrea.fr',NULL,NULL),(525,1,'Chuck.Norris@isen-ouest.yncrea.fr',NULL,NULL),(526,1,'Steven.Seagal@isen-ouest.yncrea.fr',NULL,NULL),(527,1,'Chuck.Norris@isen-ouest.yncrea.fr',NULL,NULL),(528,1,'Steven.Seagal@isen-ouest.yncrea.fr',NULL,NULL),(529,1,'Chuck.Norris@isen-ouest.yncrea.fr',NULL,NULL),(530,1,'Steven.Seagal@isen-ouest.yncrea.fr',NULL,NULL),(531,1,'Chuck.Norris@isen-ouest.yncrea.fr',NULL,NULL),(532,1,'Steven.Seagal@isen-ouest.yncrea.fr',NULL,NULL),(533,1,'Chuck.Norris@isen-ouest.yncrea.fr',NULL,NULL),(534,1,'Steven.Seagal@isen-ouest.yncrea.fr',NULL,NULL),(535,1,'Chuck.Norris@isen-ouest.yncrea.fr',NULL,NULL),(536,1,'Steven.Seagal@isen-ouest.yncrea.fr',NULL,NULL),(537,1,'Chuck.Norris@isen-ouest.yncrea.fr',NULL,NULL),(538,1,'Steven.Seagal@isen-ouest.yncrea.fr',NULL,NULL),(539,1,'Chuck.Norris@isen-ouest.yncrea.fr',NULL,NULL),(540,1,'Steven.Seagal@isen-ouest.yncrea.fr',NULL,NULL),(541,1,'Chuck.Norris@isen-ouest.yncrea.fr',NULL,NULL),(542,1,'Steven.Seagal@isen-ouest.yncrea.fr',NULL,NULL),(543,1,'Chuck.Norris@isen-ouest.yncrea.fr',NULL,NULL),(544,1,'Steven.Seagal@isen-ouest.yncrea.fr',NULL,NULL),(545,2,'Steven.Seagal@isen-ouest.yncrea.fr',NULL,NULL),(546,1,'Chuck.Norris@isen-ouest.yncrea.fr',NULL,NULL),(547,1,'Steven.Seagal@isen-ouest.yncrea.fr',NULL,NULL),(548,1,'Chuck.Norris@isen-ouest.yncrea.fr',NULL,NULL),(549,1,'Steven.Seagal@isen-ouest.yncrea.fr',NULL,NULL),(550,1,'Chuck.Norris@isen-ouest.yncrea.fr',NULL,NULL),(551,1,'Steven.Seagal@isen-ouest.yncrea.fr',NULL,NULL),(552,1,'Chuck.Norris@isen-ouest.yncrea.fr',NULL,NULL),(553,1,'Steven.Seagal@isen-ouest.yncrea.fr',NULL,NULL),(554,1,'Chuck.Norris@isen-ouest.yncrea.fr',NULL,NULL),(555,1,'Steven.Seagal@isen-ouest.yncrea.fr',NULL,NULL),(556,1,'Chuck.Norris@isen-ouest.yncrea.fr',NULL,NULL),(557,1,'Steven.Seagal@isen-ouest.yncrea.fr',NULL,NULL),(558,1,'Chuck.Norris@isen-ouest.yncrea.fr',NULL,NULL),(559,1,'Steven.Seagal@isen-ouest.yncrea.fr',NULL,NULL),(560,1,'Chuck.Norris@isen-ouest.yncrea.fr',NULL,NULL),(561,1,'Steven.Seagal@isen-ouest.yncrea.fr',NULL,NULL),(562,1,'Chuck.Norris@isen-ouest.yncrea.fr',NULL,NULL),(563,1,'Steven.Seagal@isen-ouest.yncrea.fr',NULL,NULL),(564,1,'Chuck.Norris@isen-ouest.yncrea.fr',NULL,NULL),(565,1,'Steven.Seagal@isen-ouest.yncrea.fr',NULL,NULL),(566,1,'Chuck.Norris@isen-ouest.yncrea.fr',NULL,NULL),(567,1,'Steven.Seagal@isen-ouest.yncrea.fr',NULL,NULL),(568,1,'Chuck.Norris@isen-ouest.yncrea.fr',NULL,NULL),(569,1,'Steven.Seagal@isen-ouest.yncrea.fr',NULL,NULL),(570,1,'Chuck.Norris@isen-ouest.yncrea.fr',NULL,NULL),(571,1,'Steven.Seagal@isen-ouest.yncrea.fr',NULL,NULL),(572,1,'Chuck.Norris@isen-ouest.yncrea.fr',NULL,NULL),(573,1,'Steven.Seagal@isen-ouest.yncrea.fr',NULL,NULL),(574,1,'Chuck.Norris@isen-ouest.yncrea.fr',NULL,NULL),(575,1,'Steven.Seagal@isen-ouest.yncrea.fr',NULL,NULL),(576,1,'Chuck.Norris@isen-ouest.yncrea.fr',NULL,NULL),(577,1,'Steven.Seagal@isen-ouest.yncrea.fr',NULL,NULL),(578,1,'Chuck.Norris@isen-ouest.yncrea.fr',NULL,NULL),(579,1,'Steven.Seagal@isen-ouest.yncrea.fr',NULL,NULL),(580,1,'Chuck.Norris@isen-ouest.yncrea.fr',NULL,NULL),(581,1,'Steven.Seagal@isen-ouest.yncrea.fr',NULL,NULL),(582,1,'Chuck.Norris@isen-ouest.yncrea.fr',NULL,NULL),(583,1,'Steven.Seagal@isen-ouest.yncrea.fr',NULL,NULL),(584,1,'Chuck.Norris@isen-ouest.yncrea.fr',NULL,NULL),(585,1,'Steven.Seagal@isen-ouest.yncrea.fr',NULL,NULL),(586,1,'Chuck.Norris@isen-ouest.yncrea.fr',NULL,NULL),(587,1,'Steven.Seagal@isen-ouest.yncrea.fr',NULL,NULL),(588,1,'Chuck.Norris@isen-ouest.yncrea.fr',NULL,NULL),(589,1,'Steven.Seagal@isen-ouest.yncrea.fr',NULL,NULL),(590,1,'Chuck.Norris@isen-ouest.yncrea.fr',NULL,NULL),(591,1,'Steven.Seagal@isen-ouest.yncrea.fr',NULL,NULL),(592,1,'Chuck.Norris@isen-ouest.yncrea.fr',NULL,NULL),(593,1,'Steven.Seagal@isen-ouest.yncrea.fr',NULL,NULL),(594,1,'Chuck.Norris@isen-ouest.yncrea.fr',NULL,NULL),(595,1,'Steven.Seagal@isen-ouest.yncrea.fr',NULL,NULL),(596,1,'Chuck.Norris@isen-ouest.yncrea.fr',NULL,NULL),(597,1,'Steven.Seagal@isen-ouest.yncrea.fr',NULL,NULL),(598,1,'Chuck.Norris@isen-ouest.yncrea.fr',NULL,NULL),(599,1,'Steven.Seagal@isen-ouest.yncrea.fr',NULL,NULL),(600,1,'Chuck.Norris@isen-ouest.yncrea.fr',NULL,NULL),(601,1,'Chuck.Norris@isen-ouest.yncrea.fr',NULL,NULL),(602,1,'Steven.Seagal@isen-ouest.yncrea.fr',NULL,NULL),(603,1,'Chuck.Norris@isen-ouest.yncrea.fr',NULL,NULL),(604,1,'Chuck.Norris@isen-ouest.yncrea.fr',NULL,NULL),(605,1,'Steven.Seagal@isen-ouest.yncrea.fr',NULL,NULL),(606,1,'Steven.Seagal@isen-ouest.yncrea.fr',NULL,NULL),(607,1,'Chuck.Norris@isen-ouest.yncrea.fr',NULL,NULL),(608,1,'Steven.Seagal@isen-ouest.yncrea.fr',NULL,NULL),(609,1,'Chuck.Norris@isen-ouest.yncrea.fr',NULL,NULL),(610,1,'Steven.Seagal@isen-ouest.yncrea.fr',NULL,NULL),(611,1,'Chuck.Norris@isen-ouest.yncrea.fr',NULL,NULL),(612,1,'Steven.Seagal@isen-ouest.yncrea.fr',NULL,NULL),(613,1,'Chuck.Norris@isen-ouest.yncrea.fr',NULL,NULL),(614,1,'Steven.Seagal@isen-ouest.yncrea.fr',NULL,NULL),(615,1,'Chuck.Norris@isen-ouest.yncrea.fr',NULL,NULL),(616,1,'Steven.Seagal@isen-ouest.yncrea.fr',NULL,NULL),(617,1,'Chuck.Norris@isen-ouest.yncrea.fr',NULL,NULL),(618,1,'Steven.Seagal@isen-ouest.yncrea.fr',NULL,NULL),(619,1,'Chuck.Norris@isen-ouest.yncrea.fr',NULL,NULL),(620,1,'Steven.Seagal@isen-ouest.yncrea.fr',NULL,NULL),(621,1,'Chuck.Norris@isen-ouest.yncrea.fr',NULL,NULL),(622,1,'Steven.Seagal@isen-ouest.yncrea.fr',NULL,NULL),(623,1,'Chuck.Norris@isen-ouest.yncrea.fr',NULL,NULL),(624,1,'Steven.Seagal@isen-ouest.yncrea.fr',NULL,NULL),(625,1,'Chuck.Norris@isen-ouest.yncrea.fr',NULL,NULL),(626,1,'Steven.Seagal@isen-ouest.yncrea.fr',NULL,NULL),(627,1,'Chuck.Norris@isen-ouest.yncrea.fr',NULL,NULL),(628,1,'Steven.Seagal@isen-ouest.yncrea.fr',NULL,NULL),(629,1,'Chuck.Norris@isen-ouest.yncrea.fr',NULL,NULL),(630,1,'Steven.Seagal@isen-ouest.yncrea.fr',NULL,NULL),(631,1,'Chuck.Norris@isen-ouest.yncrea.fr',NULL,NULL),(632,1,'Steven.Seagal@isen-ouest.yncrea.fr',NULL,NULL),(633,1,'Chuck.Norris@isen-ouest.yncrea.fr',NULL,NULL),(634,1,'Steven.Seagal@isen-ouest.yncrea.fr',NULL,NULL),(635,1,'Chuck.Norris@isen-ouest.yncrea.fr',NULL,NULL),(636,1,'Steven.Seagal@isen-ouest.yncrea.fr',NULL,NULL),(637,1,'Chuck.Norris@isen-ouest.yncrea.fr',NULL,NULL),(638,1,'Steven.Seagal@isen-ouest.yncrea.fr',NULL,NULL),(639,1,'Chuck.Norris@isen-ouest.yncrea.fr',NULL,NULL),(640,1,'Steven.Seagal@isen-ouest.yncrea.fr',NULL,NULL),(641,1,'Chuck.Norris@isen-ouest.yncrea.fr',NULL,NULL),(642,1,'Steven.Seagal@isen-ouest.yncrea.fr',NULL,NULL),(643,1,'Chuck.Norris@isen-ouest.yncrea.fr',NULL,NULL),(644,1,'Steven.Seagal@isen-ouest.yncrea.fr',NULL,NULL),(645,1,'Chuck.Norris@isen-ouest.yncrea.fr',NULL,NULL),(646,1,'Steven.Seagal@isen-ouest.yncrea.fr',NULL,NULL),(647,1,'Chuck.Norris@isen-ouest.yncrea.fr',NULL,NULL),(648,1,'Steven.Seagal@isen-ouest.yncrea.fr',NULL,NULL),(649,1,'Chuck.Norris@isen-ouest.yncrea.fr',NULL,NULL),(650,1,'Steven.Seagal@isen-ouest.yncrea.fr',NULL,NULL),(651,1,'Chuck.Norris@isen-ouest.yncrea.fr',NULL,NULL),(652,1,'Steven.Seagal@isen-ouest.yncrea.fr',NULL,NULL),(653,1,'Chuck.Norris@isen-ouest.yncrea.fr',NULL,NULL),(654,1,'Steven.Seagal@isen-ouest.yncrea.fr',NULL,NULL),(655,1,'Chuck.Norris@isen-ouest.yncrea.fr',NULL,NULL),(656,1,'Steven.Seagal@isen-ouest.yncrea.fr',NULL,NULL),(657,1,'Chuck.Norris@isen-ouest.yncrea.fr',NULL,NULL),(658,1,'Steven.Seagal@isen-ouest.yncrea.fr',NULL,NULL),(659,1,'Chuck.Norris@isen-ouest.yncrea.fr',NULL,NULL),(660,1,'Steven.Seagal@isen-ouest.yncrea.fr',NULL,NULL),(661,1,'',NULL,NULL),(662,1,'Steven.Seagal@isen-ouest.yncrea.fr',NULL,NULL),(663,1,'',NULL,NULL),(664,1,'Steven.Seagal@isen-ouest.yncrea.fr',NULL,NULL),(665,1,'',NULL,NULL),(666,1,'Steven.Seagal@isen-ouest.yncrea.fr',NULL,NULL),(667,1,'',NULL,NULL),(668,1,'Steven.Seagal@isen-ouest.yncrea.fr',NULL,NULL),(669,1,'',NULL,NULL),(670,1,'Steven.Seagal@isen-ouest.yncrea.fr',NULL,NULL),(671,1,'',NULL,NULL),(672,1,'Steven.Seagal@isen-ouest.yncrea.fr',NULL,NULL),(673,1,'',NULL,NULL),(674,1,'Steven.Seagal@isen-ouest.yncrea.fr',NULL,NULL),(675,1,'',NULL,NULL),(676,1,'Steven.Seagal@isen-ouest.yncrea.fr',NULL,NULL),(677,1,'',NULL,NULL),(678,1,'Steven.Seagal@isen-ouest.yncrea.fr',NULL,NULL),(679,1,'',NULL,NULL),(680,1,'',NULL,NULL),(681,1,'',NULL,NULL),(682,1,'',NULL,NULL),(683,1,'',NULL,NULL),(684,1,'',NULL,NULL),(685,2,'Steven.Seagal@isen-ouest.yncrea.fr',NULL,NULL),(686,1,'',NULL,NULL),(687,1,'',NULL,NULL),(688,1,'',NULL,NULL),(689,1,'',NULL,NULL),(690,1,'',NULL,NULL),(691,1,'',NULL,NULL),(692,1,'',NULL,NULL),(693,1,'',NULL,NULL),(694,1,'',NULL,NULL),(695,1,'',NULL,NULL),(696,1,'',NULL,NULL),(697,1,'',NULL,NULL),(698,1,'',NULL,NULL),(699,1,'',NULL,NULL),(700,1,'',NULL,NULL),(701,1,'',NULL,NULL),(702,1,'',NULL,NULL),(703,1,'',NULL,NULL),(704,1,'',NULL,NULL),(705,1,'',NULL,NULL),(706,1,'',NULL,NULL),(707,1,'',NULL,NULL),(708,1,'',NULL,NULL),(709,1,'',NULL,NULL);
/*!40000 ALTER TABLE `USER_ROOM` ENABLE KEYS */;
UNLOCK TABLES;

--
-- Table structure for table `VALUE`
--

DROP TABLE IF EXISTS `VALUE`;
/*!40101 SET @saved_cs_client     = @@character_set_client */;
/*!40101 SET character_set_client = utf8 */;
CREATE TABLE `VALUE` (
  `DTIME` datetime NOT NULL,
  `ID_VALUE` int(11) NOT NULL AUTO_INCREMENT,
  `ID_SENSOR` int(11) NOT NULL,
  `NUM` varchar(50) DEFAULT NULL,
  `ID_ROOM` int(11) DEFAULT NULL,
  PRIMARY KEY (`ID_VALUE`,`DTIME`)
) ENGINE=InnoDB AUTO_INCREMENT=3588 DEFAULT CHARSET=latin1;
/*!40101 SET character_set_client = @saved_cs_client */;

--
-- Dumping data for table `VALUE`
--

LOCK TABLES `VALUE` WRITE;
/*!40000 ALTER TABLE `VALUE` DISABLE KEYS */;
INSERT INTO `VALUE` VALUES ('2017-05-29 15:18:43',2127,1,'271',1),('2017-05-29 15:18:43',2128,2,'18',1),('2017-05-29 15:18:43',2129,3,'60',1),('2017-05-29 15:18:43',2130,4,'0',1),('2017-05-29 15:18:43',2131,5,'0',1),('2017-05-29 15:18:48',2132,1,'1029',2),('2017-05-29 15:18:48',2133,2,'22',2),('2017-05-29 15:18:48',2134,3,'50',2),('2017-05-29 15:18:48',2135,4,'0',2),('2017-05-29 15:18:48',2136,5,'0',2),('2017-05-29 15:19:43',2137,1,'200',1),('2017-05-29 15:19:43',2138,2,'20',1),('2017-05-29 15:19:43',2139,3,'68',1),('2017-05-29 15:19:43',2140,4,'0',1),('2017-05-29 15:19:43',2141,5,'0',1),('2017-05-29 15:19:48',2142,1,'1149',2),('2017-05-29 15:19:48',2143,2,'22',2),('2017-05-29 15:19:48',2144,3,'52',2),('2017-05-29 15:19:48',2145,4,'0',2),('2017-05-29 15:19:48',2146,5,'0',2),('2017-05-29 15:20:43',2147,1,'260',1),('2017-05-29 15:20:43',2148,2,'18',1),('2017-05-29 15:20:43',2149,3,'65',1),('2017-05-29 15:20:43',2150,4,'0',1),('2017-05-29 15:20:43',2151,5,'0',1),('2017-05-29 15:20:48',2152,1,'1086',2),('2017-05-29 15:20:48',2153,2,'22',2),('2017-05-29 15:20:48',2154,3,'52',2),('2017-05-29 15:20:48',2155,4,'0',2),('2017-05-29 15:20:48',2156,5,'0',2),('2017-05-29 15:21:43',2157,1,'292',1),('2017-05-29 15:21:43',2158,2,'18',1),('2017-05-29 15:21:43',2159,3,'68',1),('2017-05-29 15:21:43',2160,4,'0',1),('2017-05-29 15:21:43',2161,5,'0',1),('2017-05-29 15:21:48',2162,1,'1026',2),('2017-05-29 15:21:48',2163,2,'22',2),('2017-05-29 15:21:48',2164,3,'50',2),('2017-05-29 15:21:48',2165,4,'0',2),('2017-05-29 15:21:48',2166,5,'0',2),('2017-05-29 15:22:43',2167,1,'292',1),('2017-05-29 15:22:43',2168,2,'17',1),('2017-05-29 15:22:43',2169,3,'77',1),('2017-05-29 15:22:43',2170,4,'0',1),('2017-05-29 15:22:43',2171,5,'0',1),('2017-05-29 15:22:48',2172,1,'1038',2),('2017-05-29 15:22:48',2173,2,'21',2),('2017-05-29 15:22:48',2174,3,'44',2),('2017-05-29 15:22:48',2175,4,'0',2),('2017-05-29 15:22:48',2176,5,'0',2),('2017-05-29 15:23:43',2177,1,'287',1),('2017-05-29 15:23:43',2178,2,'18',1),('2017-05-29 15:23:43',2179,3,'67',1),('2017-05-29 15:23:43',2180,4,'0',1),('2017-05-29 15:23:43',2181,5,'0',1),('2017-05-29 15:23:48',2182,1,'1104',2),('2017-05-29 15:23:48',2183,2,'20',2),('2017-05-29 15:23:48',2184,3,'50',2),('2017-05-29 15:23:48',2185,4,'0',2),('2017-05-29 15:23:48',2186,5,'0',2),('2017-05-29 15:24:43',2187,1,'316',1),('2017-05-29 15:24:43',2188,2,'18',1),('2017-05-29 15:24:43',2189,3,'68',1),('2017-05-29 15:24:43',2190,4,'0',1),('2017-05-29 15:24:43',2191,5,'0',1),('2017-05-29 15:24:48',2192,1,'1071',2),('2017-05-29 15:24:48',2193,2,'20',2),('2017-05-29 15:24:48',2194,3,'42',2),('2017-05-29 15:24:48',2195,4,'0',2),('2017-05-29 15:24:48',2196,5,'0',2),('2017-05-29 15:25:43',2197,1,'264',1),('2017-05-29 15:25:43',2198,2,'20',1),('2017-05-29 15:25:43',2199,3,'70',1),('2017-05-29 15:25:43',2200,4,'0',1),('2017-05-29 15:25:43',2201,5,'0',1),('2017-05-29 15:25:48',2202,1,'1059',2),('2017-05-29 15:25:48',2203,2,'21',2),('2017-05-29 15:25:48',2204,3,'47',2),('2017-05-29 15:25:48',2205,4,'0',2),('2017-05-29 15:25:48',2206,5,'0',2),('2017-05-29 15:26:43',2207,1,'277',1),('2017-05-29 15:26:43',2208,2,'19',1),('2017-05-29 15:26:43',2209,3,'74',1),('2017-05-29 15:26:43',2210,4,'0',1),('2017-05-29 15:26:43',2211,5,'0',1),('2017-05-29 15:26:48',2212,1,'1110',2),('2017-05-29 15:26:48',2213,2,'21',2),('2017-05-29 15:26:48',2214,3,'49',2),('2017-05-29 15:26:48',2215,4,'0',2),('2017-05-29 15:26:48',2216,5,'0',2),('2017-05-29 15:27:43',2217,1,'286',1),('2017-05-29 15:27:43',2218,2,'19',1),('2017-05-29 15:27:43',2219,3,'73',1),('2017-05-29 15:27:43',2220,4,'0',1),('2017-05-29 15:27:43',2221,5,'0',1),('2017-05-29 15:27:48',2222,1,'1053',2),('2017-05-29 15:27:48',2223,2,'21',2),('2017-05-29 15:27:48',2224,3,'46',2),('2017-05-29 15:27:48',2225,4,'0',2),('2017-05-29 15:27:48',2226,5,'0',2),('2017-05-29 15:28:43',2227,1,'309',1),('2017-05-29 15:28:43',2228,2,'20',1),('2017-05-29 15:28:43',2229,3,'69',1),('2017-05-29 15:28:43',2230,4,'0',1),('2017-05-29 15:28:43',2231,5,'0',1),('2017-05-29 15:28:48',2232,1,'1081',2),('2017-05-29 15:28:48',2233,2,'23',2),('2017-05-29 15:28:48',2234,3,'54',2),('2017-05-29 15:28:48',2235,4,'0',2),('2017-05-29 15:28:48',2236,5,'0',2),('2017-05-29 15:29:43',2237,1,'317',1),('2017-05-29 15:29:43',2238,2,'17',1),('2017-05-29 15:29:43',2239,3,'74',1),('2017-05-29 15:29:43',2240,4,'0',1),('2017-05-29 15:29:43',2241,5,'0',1),('2017-05-29 15:29:48',2242,1,'1072',2),('2017-05-29 15:29:48',2243,2,'22',2),('2017-05-29 15:29:48',2244,3,'50',2),('2017-05-29 15:29:48',2245,4,'0',2),('2017-05-29 15:29:48',2246,5,'0',2),('2017-05-29 15:30:43',2247,1,'276',1),('2017-05-29 15:30:43',2248,2,'20',1),('2017-05-29 15:30:43',2249,3,'69',1),('2017-05-29 15:30:43',2250,4,'0',1),('2017-05-29 15:30:43',2251,5,'0',1),('2017-05-29 15:30:48',2252,1,'1098',2),('2017-05-29 15:30:48',2253,2,'20',2),('2017-05-29 15:30:48',2254,3,'50',2),('2017-05-29 15:30:48',2255,4,'0',2),('2017-05-29 15:30:48',2256,5,'0',2),('2017-05-29 15:31:43',2257,1,'195',1),('2017-05-29 15:31:43',2258,2,'18',1),('2017-05-29 15:31:43',2259,3,'73',1),('2017-05-29 15:31:43',2260,4,'0',1),('2017-05-29 15:31:43',2261,5,'0',1),('2017-05-29 15:31:48',2262,1,'1084',2),('2017-05-29 15:31:48',2263,2,'21',2),('2017-05-29 15:31:48',2264,3,'47',2),('2017-05-29 15:31:48',2265,4,'0',2),('2017-05-29 15:31:48',2266,5,'0',2),('2017-05-29 15:32:43',2267,1,'233',1),('2017-05-29 15:32:43',2268,2,'20',1),('2017-05-29 15:32:43',2269,3,'70',1),('2017-05-29 15:32:43',2270,4,'0',1),('2017-05-29 15:32:43',2271,5,'0',1),('2017-05-29 15:32:48',2272,1,'1077',2),('2017-05-29 15:32:48',2273,2,'22',2),('2017-05-29 15:32:48',2274,3,'45',2),('2017-05-29 15:32:48',2275,4,'0',2),('2017-05-29 15:32:48',2276,5,'0',2),('2017-05-29 15:33:43',2277,1,'242',1),('2017-05-29 15:33:43',2278,2,'19',1),('2017-05-29 15:33:43',2279,3,'70',1),('2017-05-29 15:33:43',2280,4,'0',1),('2017-05-29 15:33:43',2281,5,'0',1),('2017-05-29 15:33:48',2282,1,'1110',2),('2017-05-29 15:33:48',2283,2,'20',2),('2017-05-29 15:33:48',2284,3,'48',2),('2017-05-29 15:33:48',2285,4,'0',2),('2017-05-29 15:33:48',2286,5,'0',2),('2017-05-29 15:34:43',2287,1,'240',1),('2017-05-29 15:34:43',2288,2,'21',1),('2017-05-29 15:34:43',2289,3,'69',1),('2017-05-29 15:34:43',2290,4,'0',1),('2017-05-29 15:34:43',2291,5,'0',1),('2017-05-29 15:34:48',2292,1,'1108',2),('2017-05-29 15:34:48',2293,2,'19',2),('2017-05-29 15:34:48',2294,3,'42',2),('2017-05-29 15:34:48',2295,4,'0',2),('2017-05-29 15:34:48',2296,5,'0',2),('2017-05-29 15:35:43',2297,1,'323',1),('2017-05-29 15:35:43',2298,2,'17',1),('2017-05-29 15:35:43',2299,3,'73',1),('2017-05-29 15:35:43',2300,4,'0',1),('2017-05-29 15:35:43',2301,5,'0',1),('2017-05-29 15:35:48',2302,1,'1038',2),('2017-05-29 15:35:48',2303,2,'21',2),('2017-05-29 15:35:48',2304,3,'45',2),('2017-05-29 15:35:48',2305,4,'0',2),('2017-05-29 15:35:48',2306,5,'0',2),('2017-05-29 15:36:43',2307,1,'316',1),('2017-05-29 15:36:43',2308,2,'18',1),('2017-05-29 15:36:43',2309,3,'68',1),('2017-05-29 15:36:43',2310,4,'0',1),('2017-05-29 15:36:43',2311,5,'0',1),('2017-05-29 15:36:48',2312,1,'1090',2),('2017-05-29 15:36:48',2313,2,'21',2),('2017-05-29 15:36:48',2314,3,'49',2),('2017-05-29 15:36:48',2315,4,'0',2),('2017-05-29 15:36:48',2316,5,'0',2),('2017-05-29 15:37:38',2317,6,'974',1),('2017-05-29 15:37:43',2318,1,'279',1),('2017-05-29 15:37:43',2319,2,'18',1),('2017-05-29 15:37:43',2320,3,'72',1),('2017-05-29 15:37:43',2321,4,'0',1),('2017-05-29 15:37:43',2322,5,'0',1),('2017-05-29 15:37:48',2323,1,'1077',2),('2017-05-29 15:37:48',2324,2,'21',2),('2017-05-29 15:37:48',2325,3,'39',2),('2017-05-29 15:37:48',2326,4,'0',2),('2017-05-29 15:37:48',2327,5,'0',2),('2017-05-29 16:09:43',2328,1,'284',1),('2017-05-29 16:09:43',2329,2,'21',1),('2017-05-29 16:09:43',2330,3,'72',1),('2017-05-29 16:09:43',2331,4,'0',1),('2017-05-29 16:09:43',2332,5,'0',1),('2017-05-29 16:09:48',2333,1,'1045',2),('2017-05-29 16:09:48',2334,2,'21',2),('2017-05-29 16:09:48',2335,3,'50',2),('2017-05-29 16:09:48',2336,4,'0',2),('2017-05-29 16:09:48',2337,5,'0',2),('2017-05-29 16:10:43',2338,1,'271',1),('2017-05-29 16:10:43',2339,2,'20',1),('2017-05-29 16:10:43',2340,3,'68',1),('2017-05-29 16:10:43',2341,4,'0',1),('2017-05-29 16:10:43',2342,5,'0',1),('2017-05-29 16:10:48',2343,1,'1059',2),('2017-05-29 16:10:48',2344,2,'23',2),('2017-05-29 16:10:48',2345,3,'54',2),('2017-05-29 16:10:48',2346,4,'0',2),('2017-05-29 16:10:48',2347,5,'0',2),('2017-05-29 16:11:43',2348,1,'234',1),('2017-05-29 16:11:43',2349,2,'18',1),('2017-05-29 16:11:43',2350,3,'65',1),('2017-05-29 16:11:43',2351,4,'0',1),('2017-05-29 16:11:43',2352,5,'0',1),('2017-05-29 16:11:48',2353,1,'1087',2),('2017-05-29 16:11:48',2354,2,'20',2),('2017-05-29 16:11:48',2355,3,'49',2),('2017-05-29 16:11:48',2356,4,'0',2),('2017-05-29 16:11:48',2357,5,'0',2),('2017-05-29 16:12:43',2358,1,'290',1),('2017-05-29 16:12:43',2359,2,'18',1),('2017-05-29 16:12:43',2360,3,'64',1),('2017-05-29 16:12:43',2361,4,'0',1),('2017-05-29 16:12:43',2362,5,'0',1),('2017-05-29 16:12:48',2363,1,'1032',2),('2017-05-29 16:12:48',2364,2,'20',2),('2017-05-29 16:12:48',2365,3,'50',2),('2017-05-29 16:12:48',2366,4,'0',2),('2017-05-29 16:12:48',2367,5,'0',2),('2017-05-29 16:13:43',2368,1,'294',1),('2017-05-29 16:13:43',2369,2,'20',1),('2017-05-29 16:13:43',2370,3,'70',1),('2017-05-29 16:13:43',2371,4,'0',1),('2017-05-29 16:13:43',2372,5,'0',1),('2017-05-29 16:13:48',2373,1,'1114',2),('2017-05-29 16:13:48',2374,2,'21',2),('2017-05-29 16:13:48',2375,3,'46',2),('2017-05-29 16:13:48',2376,4,'0',2),('2017-05-29 16:13:48',2377,5,'0',2),('2017-05-29 16:14:43',2378,1,'209',1),('2017-05-29 16:14:43',2379,2,'16',1),('2017-05-29 16:14:43',2380,3,'68',1),('2017-05-29 16:14:43',2381,4,'0',1),('2017-05-29 16:14:43',2382,5,'0',1),('2017-05-29 16:14:48',2383,1,'1060',2),('2017-05-29 16:14:48',2384,2,'20',2),('2017-05-29 16:14:48',2385,3,'49',2),('2017-05-29 16:14:48',2386,4,'0',2),('2017-05-29 16:14:48',2387,5,'0',2),('2017-05-29 16:15:43',2388,1,'280',1),('2017-05-29 16:15:43',2389,2,'21',1),('2017-05-29 16:15:43',2390,3,'75',1),('2017-05-29 16:15:43',2391,4,'0',1),('2017-05-29 16:15:43',2392,5,'0',1),('2017-05-29 16:15:48',2393,1,'1083',2),('2017-05-29 16:15:48',2394,2,'21',2),('2017-05-29 16:15:48',2395,3,'46',2),('2017-05-29 16:15:48',2396,4,'0',2),('2017-05-29 16:15:48',2397,5,'0',2),('2017-05-29 16:16:43',2398,1,'288',1),('2017-05-29 16:16:43',2399,2,'20',1),('2017-05-29 16:16:43',2400,3,'65',1),('2017-05-29 16:16:43',2401,4,'0',1),('2017-05-29 16:16:43',2402,5,'0',1),('2017-05-29 16:16:48',2403,1,'1044',2),('2017-05-29 16:16:48',2404,2,'22',2),('2017-05-29 16:16:48',2405,3,'52',2),('2017-05-29 16:16:48',2406,4,'0',2),('2017-05-29 16:16:48',2407,5,'0',2),('2017-05-29 16:17:43',2408,1,'262',1),('2017-05-29 16:17:43',2409,2,'21',1),('2017-05-29 16:17:43',2410,3,'66',1),('2017-05-29 16:17:43',2411,4,'0',1),('2017-05-29 16:17:43',2412,5,'0',1),('2017-05-29 16:17:48',2413,1,'1099',2),('2017-05-29 16:17:48',2414,2,'23',2),('2017-05-29 16:17:48',2415,3,'51',2),('2017-05-29 16:17:48',2416,4,'0',2),('2017-05-29 16:17:48',2417,5,'0',2),('2017-05-29 16:18:43',2418,1,'307',1),('2017-05-29 16:18:43',2419,2,'20',1),('2017-05-29 16:18:43',2420,3,'73',1),('2017-05-29 16:18:43',2421,4,'0',1),('2017-05-29 16:18:43',2422,5,'0',1),('2017-05-29 16:18:48',2423,1,'1090',2),('2017-05-29 16:18:48',2424,2,'22',2),('2017-05-29 16:18:48',2425,3,'51',2),('2017-05-29 16:18:48',2426,4,'0',2),('2017-05-29 16:18:48',2427,5,'0',2),('2017-05-29 16:19:43',2428,1,'305',1),('2017-05-29 16:19:43',2429,2,'20',1),('2017-05-29 16:19:43',2430,3,'69',1),('2017-05-29 16:19:43',2431,4,'0',1),('2017-05-29 16:19:43',2432,5,'0',1),('2017-05-29 16:19:48',2433,1,'1065',2),('2017-05-29 16:19:48',2434,2,'20',2),('2017-05-29 16:19:48',2435,3,'48',2),('2017-05-29 16:19:48',2436,4,'0',2),('2017-05-29 16:19:48',2437,5,'0',2),('2017-05-29 16:20:43',2438,1,'368',1),('2017-05-29 16:20:43',2439,2,'18',1),('2017-05-29 16:20:43',2440,3,'69',1),('2017-05-29 16:20:43',2441,4,'0',1),('2017-05-29 16:20:43',2442,5,'0',1),('2017-05-29 16:20:48',2443,1,'1050',2),('2017-05-29 16:20:48',2444,2,'21',2),('2017-05-29 16:20:48',2445,3,'41',2),('2017-05-29 16:20:48',2446,4,'0',2),('2017-05-29 16:20:48',2447,5,'0',2),('2017-05-29 16:21:43',2448,1,'282',1),('2017-05-29 16:21:43',2449,2,'19',1),('2017-05-29 16:21:43',2450,3,'74',1),('2017-05-29 16:21:43',2451,4,'0',1),('2017-05-29 16:21:43',2452,5,'0',1),('2017-05-29 16:21:48',2453,1,'1087',2),('2017-05-29 16:21:48',2454,2,'21',2),('2017-05-29 16:21:48',2455,3,'51',2),('2017-05-29 16:21:48',2456,4,'0',2),('2017-05-29 16:21:48',2457,5,'0',2),('2017-05-29 16:22:43',2458,1,'247',1),('2017-05-29 16:22:43',2459,2,'21',1),('2017-05-29 16:22:43',2460,3,'65',1),('2017-05-29 16:22:43',2461,4,'0',1),('2017-05-29 16:22:43',2462,5,'0',1),('2017-05-29 16:22:48',2463,1,'1084',2),('2017-05-29 16:22:48',2464,2,'20',2),('2017-05-29 16:22:48',2465,3,'51',2),('2017-05-29 16:22:48',2466,4,'0',2),('2017-05-29 16:22:48',2467,5,'0',2),('2017-05-29 16:23:43',2468,1,'253',1),('2017-05-29 16:23:43',2469,2,'18',1),('2017-05-29 16:23:43',2470,3,'63',1),('2017-05-29 16:23:43',2471,4,'0',1),('2017-05-29 16:23:43',2472,5,'0',1),('2017-05-29 16:23:48',2473,1,'1107',2),('2017-05-29 16:23:48',2474,2,'20',2),('2017-05-29 16:23:48',2475,3,'45',2),('2017-05-29 16:23:48',2476,4,'0',2),('2017-05-29 16:23:48',2477,5,'0',2),('2017-05-29 16:24:43',2478,1,'225',1),('2017-05-29 16:24:43',2479,2,'19',1),('2017-05-29 16:24:43',2480,3,'77',1),('2017-05-29 16:24:43',2481,4,'0',1),('2017-05-29 16:24:43',2482,5,'0',1),('2017-05-29 16:24:48',2483,1,'1053',2),('2017-05-29 16:24:48',2484,2,'20',2),('2017-05-29 16:24:48',2485,3,'46',2),('2017-05-29 16:24:48',2486,4,'0',2),('2017-05-29 16:24:48',2487,5,'0',2),('2017-05-29 16:25:43',2488,1,'212',1),('2017-05-29 16:25:43',2489,2,'16',1),('2017-05-29 16:25:43',2490,3,'71',1),('2017-05-29 16:25:43',2491,4,'0',1),('2017-05-29 16:25:43',2492,5,'0',1),('2017-05-29 16:25:48',2493,1,'1116',2),('2017-05-29 16:25:48',2494,2,'20',2),('2017-05-29 16:25:48',2495,3,'43',2),('2017-05-29 16:25:48',2496,4,'0',2),('2017-05-29 16:25:48',2497,5,'0',2),('2017-05-29 16:26:43',2498,1,'288',1),('2017-05-29 16:26:43',2499,2,'22',1),('2017-05-29 16:26:43',2500,3,'66',1),('2017-05-29 16:26:43',2501,4,'0',1),('2017-05-29 16:26:43',2502,5,'0',1),('2017-05-29 16:26:48',2503,1,'1179',2),('2017-05-29 16:26:48',2504,2,'21',2),('2017-05-29 16:26:48',2505,3,'55',2),('2017-05-29 16:26:48',2506,4,'0',2),('2017-05-29 16:26:48',2507,5,'0',2),('2017-05-29 16:27:43',2508,1,'286',1),('2017-05-29 16:27:43',2509,2,'19',1),('2017-05-29 16:27:43',2510,3,'67',1),('2017-05-29 16:27:43',2511,4,'0',1),('2017-05-29 16:27:43',2512,5,'0',1),('2017-05-29 16:27:48',2513,1,'1120',2),('2017-05-29 16:27:48',2514,2,'22',2),('2017-05-29 16:27:48',2515,3,'53',2),('2017-05-29 16:27:48',2516,4,'0',2),('2017-05-29 16:27:48',2517,5,'0',2),('2017-05-29 16:28:43',2518,1,'318',1),('2017-05-29 16:28:43',2519,2,'18',1),('2017-05-29 16:28:43',2520,3,'62',1),('2017-05-29 16:28:43',2521,4,'0',1),('2017-05-29 16:28:43',2522,5,'0',1),('2017-05-29 16:28:48',2523,1,'1047',2),('2017-05-29 16:28:48',2524,2,'20',2),('2017-05-29 16:28:48',2525,3,'50',2),('2017-05-29 16:28:48',2526,4,'0',2),('2017-05-29 16:28:48',2527,5,'0',2),('2017-05-29 16:29:43',2528,1,'227',1),('2017-05-29 16:29:43',2529,2,'20',1),('2017-05-29 16:29:43',2530,3,'73',1),('2017-05-29 16:29:43',2531,4,'0',1),('2017-05-29 16:29:43',2532,5,'0',1),('2017-05-29 16:29:48',2533,1,'1051',2),('2017-05-29 16:29:48',2534,2,'21',2),('2017-05-29 16:29:48',2535,3,'53',2),('2017-05-29 16:29:48',2536,4,'0',2),('2017-05-29 16:29:48',2537,5,'0',2),('2017-05-29 16:30:43',2538,1,'308',1),('2017-05-29 16:30:43',2539,2,'15',1),('2017-05-29 16:30:43',2540,3,'67',1),('2017-05-29 16:30:43',2541,4,'0',1),('2017-05-29 16:30:43',2542,5,'0',1),('2017-05-29 16:30:48',2543,1,'1069',2),('2017-05-29 16:30:48',2544,2,'19',2),('2017-05-29 16:30:48',2545,3,'44',2),('2017-05-29 16:30:48',2546,4,'0',2),('2017-05-29 16:30:48',2547,5,'0',2),('2017-05-29 16:31:43',2548,1,'250',1),('2017-05-29 16:31:43',2549,2,'21',1),('2017-05-29 16:31:43',2550,3,'63',1),('2017-05-29 16:31:43',2551,4,'0',1),('2017-05-29 16:31:43',2552,5,'0',1),('2017-05-29 16:31:48',2553,1,'3433',2),('2017-05-29 16:31:48',2554,2,'23',2),('2017-05-29 16:31:48',2555,3,'47',2),('2017-05-29 16:31:48',2556,4,'0',2),('2017-05-29 16:31:48',2557,5,'0',2),('2017-05-29 16:32:43',2558,1,'319',1),('2017-05-29 16:32:43',2559,2,'21',1),('2017-05-29 16:32:43',2560,3,'69',1),('2017-05-29 16:32:43',2561,4,'0',1),('2017-05-29 16:32:43',2562,5,'0',1),('2017-05-29 16:32:48',2563,1,'1026',2),('2017-05-29 16:32:48',2564,2,'21',2),('2017-05-29 16:32:48',2565,3,'50',2),('2017-05-29 16:32:48',2566,4,'0',2),('2017-05-29 16:32:48',2567,5,'0',2),('2017-05-29 16:33:43',2568,1,'232',1),('2017-05-29 16:33:43',2569,2,'18',1),('2017-05-29 16:33:43',2570,3,'65',1),('2017-05-29 16:33:43',2571,4,'0',1),('2017-05-29 16:33:43',2572,5,'0',1),('2017-05-29 16:33:48',2573,1,'1134',2),('2017-05-29 16:33:48',2574,2,'21',2),('2017-05-29 16:33:48',2575,3,'49',2),('2017-05-29 16:33:48',2576,4,'0',2),('2017-05-29 16:33:48',2577,5,'0',2),('2017-05-29 16:34:43',2578,1,'274',1),('2017-05-29 16:34:43',2579,2,'22',1),('2017-05-29 16:34:43',2580,3,'72',1),('2017-05-29 16:34:43',2581,4,'0',1),('2017-05-29 16:34:43',2582,5,'0',1),('2017-05-29 16:34:48',2583,1,'1074',2),('2017-05-29 16:34:48',2584,2,'21',2),('2017-05-29 16:34:48',2585,3,'50',2),('2017-05-29 16:34:48',2586,4,'0',2),('2017-05-29 16:34:48',2587,5,'0',2),('2017-05-29 16:35:43',2588,1,'251',1),('2017-05-29 16:35:43',2589,2,'21',1),('2017-05-29 16:35:43',2590,3,'66',1),('2017-05-29 16:35:43',2591,4,'0',1),('2017-05-29 16:35:43',2592,5,'0',1),('2017-05-29 16:35:48',2593,1,'1060',2),('2017-05-29 16:35:48',2594,2,'20',2),('2017-05-29 16:35:48',2595,3,'47',2),('2017-05-29 16:35:48',2596,4,'0',2),('2017-05-29 16:35:48',2597,5,'0',2),('2017-05-29 16:36:43',2598,1,'299',1),('2017-05-29 16:36:43',2599,2,'18',1),('2017-05-29 16:36:43',2600,3,'69',1),('2017-05-29 16:36:43',2601,4,'0',1),('2017-05-29 16:36:43',2602,5,'0',1),('2017-05-29 16:36:48',2603,1,'1089',2),('2017-05-29 16:36:48',2604,2,'22',2),('2017-05-29 16:36:48',2605,3,'50',2),('2017-05-29 16:36:48',2606,4,'0',2),('2017-05-29 16:36:48',2607,5,'0',2),('2017-05-29 16:37:38',2608,6,'1775',1),('2017-05-29 16:37:43',2609,1,'272',1),('2017-05-29 16:37:43',2610,2,'19',1),('2017-05-29 16:37:43',2611,3,'65',1),('2017-05-29 16:37:43',2612,4,'0',1),('2017-05-29 16:37:43',2613,5,'0',1),('2017-05-29 16:37:48',2614,1,'1098',2),('2017-05-29 16:37:48',2615,2,'20',2),('2017-05-29 16:37:48',2616,3,'47',2),('2017-05-29 16:37:48',2617,4,'0',2),('2017-05-29 16:37:48',2618,5,'0',2),('2017-05-29 16:42:43',2619,1,'267',1),('2017-05-29 16:42:43',2620,2,'19',1),('2017-05-29 16:42:43',2621,3,'63',1),('2017-05-29 16:42:43',2622,4,'0',1),('2017-05-29 16:42:43',2623,5,'0',1),('2017-05-29 16:42:48',2624,1,'1084',2),('2017-05-29 16:42:48',2625,2,'19',2),('2017-05-29 16:42:48',2626,3,'49',2),('2017-05-29 16:42:48',2627,4,'0',2),('2017-05-29 16:42:48',2628,5,'0',2),('2017-05-29 16:43:43',2629,1,'304',1),('2017-05-29 16:43:43',2630,2,'19',1),('2017-05-29 16:43:43',2631,3,'66',1),('2017-05-29 16:43:43',2632,4,'0',1),('2017-05-29 16:43:43',2633,5,'0',1),('2017-05-29 16:43:48',2634,1,'1105',2),('2017-05-29 16:43:48',2635,2,'20',2),('2017-05-29 16:43:48',2636,3,'42',2),('2017-05-29 16:43:48',2637,4,'0',2),('2017-05-29 16:43:48',2638,5,'0',2),('2017-05-29 16:44:43',2639,1,'254',1),('2017-05-29 16:44:43',2640,2,'17',1),('2017-05-29 16:44:43',2641,3,'70',1),('2017-05-29 16:44:43',2642,4,'0',1),('2017-05-29 16:44:43',2643,5,'0',1),('2017-05-29 16:44:48',2644,1,'1095',2),('2017-05-29 16:44:48',2645,2,'21',2),('2017-05-29 16:44:48',2646,3,'52',2),('2017-05-29 16:44:48',2647,4,'0',2),('2017-05-29 16:44:48',2648,5,'0',2),('2017-05-29 16:45:43',2649,1,'318',1),('2017-05-29 16:45:43',2650,2,'19',1),('2017-05-29 16:45:43',2651,3,'66',1),('2017-05-29 16:45:43',2652,4,'0',1),('2017-05-29 16:45:43',2653,5,'0',1),('2017-05-29 16:45:48',2654,1,'1035',2),('2017-05-29 16:45:48',2655,2,'21',2),('2017-05-29 16:45:48',2656,3,'50',2),('2017-05-29 16:45:48',2657,4,'0',2),('2017-05-29 16:45:48',2658,5,'0',2),('2017-05-29 16:46:43',2659,1,'266',1),('2017-05-29 16:46:43',2660,2,'20',1),('2017-05-29 16:46:43',2661,3,'71',1),('2017-05-29 16:46:43',2662,4,'0',1),('2017-05-29 16:46:43',2663,5,'0',1),('2017-05-29 16:46:48',2664,1,'1099',2),('2017-05-29 16:46:48',2665,2,'21',2),('2017-05-29 16:46:48',2666,3,'49',2),('2017-05-29 16:46:48',2667,4,'0',2),('2017-05-29 16:46:48',2668,5,'0',2),('2017-05-29 16:47:43',2669,1,'326',1),('2017-05-29 16:47:43',2670,2,'23',1),('2017-05-29 16:47:43',2671,3,'72',1),('2017-05-29 16:47:43',2672,4,'0',1),('2017-05-29 16:47:43',2673,5,'0',1),('2017-05-29 16:47:48',2674,1,'1099',2),('2017-05-29 16:47:48',2675,2,'20',2),('2017-05-29 16:47:48',2676,3,'49',2),('2017-05-29 16:47:48',2677,4,'0',2),('2017-05-29 16:47:48',2678,5,'0',2),('2017-05-29 16:48:43',2679,1,'335',1),('2017-05-29 16:48:43',2680,2,'18',1),('2017-05-29 16:48:43',2681,3,'70',1),('2017-05-29 16:48:43',2682,4,'0',1),('2017-05-29 16:48:43',2683,5,'0',1),('2017-05-29 16:48:48',2684,1,'1017',2),('2017-05-29 16:48:48',2685,2,'19',2),('2017-05-29 16:48:48',2686,3,'45',2),('2017-05-29 16:48:48',2687,4,'0',2),('2017-05-29 16:48:48',2688,5,'0',2),('2017-05-29 16:49:43',2689,1,'230',1),('2017-05-29 16:49:43',2690,2,'21',1),('2017-05-29 16:49:43',2691,3,'73',1),('2017-05-29 16:49:43',2692,4,'0',1),('2017-05-29 16:49:43',2693,5,'0',1),('2017-05-29 16:49:48',2694,1,'1105',2),('2017-05-29 16:49:48',2695,2,'22',2),('2017-05-29 16:49:48',2696,3,'50',2),('2017-05-29 16:49:48',2697,4,'0',2),('2017-05-29 16:49:48',2698,5,'0',2),('2017-05-29 16:50:43',2699,1,'307',1),('2017-05-29 16:50:43',2700,2,'21',1),('2017-05-29 16:50:43',2701,3,'63',1),('2017-05-29 16:50:43',2702,4,'0',1),('2017-05-29 16:50:43',2703,5,'0',1),('2017-05-29 16:50:48',2704,1,'1063',2),('2017-05-29 16:50:48',2705,2,'21',2),('2017-05-29 16:50:48',2706,3,'47',2),('2017-05-29 16:50:48',2707,4,'0',2),('2017-05-29 16:50:48',2708,5,'0',2),('2017-05-29 16:51:43',2709,1,'248',1),('2017-05-29 16:51:43',2710,2,'19',1),('2017-05-29 16:51:43',2711,3,'70',1),('2017-05-29 16:51:43',2712,4,'0',1),('2017-05-29 16:51:43',2713,5,'0',1),('2017-05-29 16:51:48',2714,1,'1071',2),('2017-05-29 16:51:48',2715,2,'21',2),('2017-05-29 16:51:48',2716,3,'49',2),('2017-05-29 16:51:48',2717,4,'0',2),('2017-05-29 16:51:48',2718,5,'0',2),('2017-05-29 16:52:43',2719,1,'304',1),('2017-05-29 16:52:43',2720,2,'17',1),('2017-05-29 16:52:43',2721,3,'68',1),('2017-05-29 16:52:43',2722,4,'0',1),('2017-05-29 16:52:43',2723,5,'0',1),('2017-05-29 16:52:48',2724,1,'1081',2),('2017-05-29 16:52:48',2725,2,'22',2),('2017-05-29 16:52:48',2726,3,'48',2),('2017-05-29 16:52:48',2727,4,'0',2),('2017-05-29 16:52:48',2728,5,'0',2),('2017-05-29 16:53:43',2729,1,'325',1),('2017-05-29 16:53:43',2730,2,'16',1),('2017-05-29 16:53:43',2731,3,'72',1),('2017-05-29 16:53:43',2732,4,'0',1),('2017-05-29 16:53:43',2733,5,'0',1),('2017-05-29 16:53:48',2734,1,'1068',2),('2017-05-29 16:53:48',2735,2,'20',2),('2017-05-29 16:53:48',2736,3,'55',2),('2017-05-29 16:53:48',2737,4,'0',2),('2017-05-29 16:53:48',2738,5,'0',2),('2017-05-29 16:54:43',2739,1,'324',1),('2017-05-29 16:54:43',2740,2,'23',1),('2017-05-29 16:54:43',2741,3,'73',1),('2017-05-29 16:54:43',2742,4,'0',1),('2017-05-29 16:54:43',2743,5,'0',1),('2017-05-29 16:54:48',2744,1,'1080',2),('2017-05-29 16:54:48',2745,2,'20',2),('2017-05-29 16:54:48',2746,3,'55',2),('2017-05-29 16:54:48',2747,4,'0',2),('2017-05-29 16:54:48',2748,5,'0',2),('2017-05-29 16:55:43',2749,1,'314',1),('2017-05-29 16:55:43',2750,2,'16',1),('2017-05-29 16:55:43',2751,3,'65',1),('2017-05-29 16:55:43',2752,4,'0',1),('2017-05-29 16:55:43',2753,5,'0',1),('2017-05-29 16:55:48',2754,1,'1017',2),('2017-05-29 16:55:48',2755,2,'21',2),('2017-05-29 16:55:48',2756,3,'48',2),('2017-05-29 16:55:48',2757,4,'0',2),('2017-05-29 16:55:48',2758,5,'0',2),('2017-05-29 16:56:43',2759,1,'273',1),('2017-05-29 16:56:43',2760,2,'20',1),('2017-05-29 16:56:43',2761,3,'72',1),('2017-05-29 16:56:43',2762,4,'0',1),('2017-05-29 16:56:43',2763,5,'0',1),('2017-05-29 16:56:48',2764,1,'1125',2),('2017-05-29 16:56:48',2765,2,'21',2),('2017-05-29 16:56:48',2766,3,'46',2),('2017-05-29 16:56:48',2767,4,'0',2),('2017-05-29 16:56:48',2768,5,'0',2),('2017-05-29 16:57:43',2769,1,'215',1),('2017-05-29 16:57:43',2770,2,'20',1),('2017-05-29 16:57:43',2771,3,'68',1),('2017-05-29 16:57:43',2772,4,'0',1),('2017-05-29 16:57:43',2773,5,'0',1),('2017-05-29 16:57:48',2774,1,'1068',2),('2017-05-29 16:57:48',2775,2,'20',2),('2017-05-29 16:57:48',2776,3,'48',2),('2017-05-29 16:57:48',2777,4,'0',2),('2017-05-29 16:57:48',2778,5,'0',2),('2017-05-29 16:58:42',2779,6,'56',2),('2017-05-29 16:58:43',2780,1,'307',1),('2017-05-29 16:58:43',2781,2,'19',1),('2017-05-29 16:58:43',2782,3,'70',1),('2017-05-29 16:58:43',2783,4,'0',1),('2017-05-29 16:58:43',2784,5,'0',1),('2017-05-29 16:58:48',2785,1,'1044',2),('2017-05-29 16:58:48',2786,2,'22',2),('2017-05-29 16:58:48',2787,3,'50',2),('2017-05-29 16:58:48',2788,4,'0',2),('2017-05-29 16:58:48',2789,5,'0',2),('2017-05-29 17:11:43',2790,1,'246',1),('2017-05-29 17:11:43',2791,2,'21',1),('2017-05-29 17:11:43',2792,3,'67',1),('2017-05-29 17:11:43',2793,4,'0',1),('2017-05-29 17:11:43',2794,5,'0',1),('2017-05-29 17:11:48',2795,1,'1119',2),('2017-05-29 17:11:48',2796,2,'21',2),('2017-05-29 17:11:48',2797,3,'48',2),('2017-05-29 17:11:48',2798,4,'0',2),('2017-05-29 17:11:48',2799,5,'0',2),('2017-05-29 17:12:43',2800,1,'207',1),('2017-05-29 17:12:43',2801,2,'20',1),('2017-05-29 17:12:43',2802,3,'77',1),('2017-05-29 17:12:43',2803,4,'0',1),('2017-05-29 17:12:43',2804,5,'0',1),('2017-05-29 17:12:48',2805,1,'1096',2),('2017-05-29 17:12:48',2806,2,'22',2),('2017-05-29 17:12:48',2807,3,'48',2),('2017-05-29 17:12:48',2808,4,'0',2),('2017-05-29 17:12:48',2809,5,'0',2),('2017-05-29 17:13:43',2810,1,'246',1),('2017-05-29 17:13:43',2811,2,'20',1),('2017-05-29 17:13:43',2812,3,'74',1),('2017-05-29 17:13:43',2813,4,'0',1),('2017-05-29 17:13:43',2814,5,'0',1),('2017-05-29 17:13:48',2815,1,'1056',2),('2017-05-29 17:13:48',2816,2,'20',2),('2017-05-29 17:13:48',2817,3,'38',2),('2017-05-29 17:13:48',2818,4,'0',2),('2017-05-29 17:13:48',2819,5,'0',2),('2017-05-29 17:14:43',2820,1,'301',1),('2017-05-29 17:14:43',2821,2,'21',1),('2017-05-29 17:14:43',2822,3,'68',1),('2017-05-29 17:14:43',2823,4,'0',1),('2017-05-29 17:14:43',2824,5,'0',1),('2017-05-29 17:14:48',2825,1,'1032',2),('2017-05-29 17:14:48',2826,2,'22',2),('2017-05-29 17:14:48',2827,3,'37',2),('2017-05-29 17:14:48',2828,4,'0',2),('2017-05-29 17:14:48',2829,5,'0',2),('2017-05-29 17:15:43',2830,1,'234',1),('2017-05-29 17:15:43',2831,2,'20',1),('2017-05-29 17:15:43',2832,3,'69',1),('2017-05-29 17:15:43',2833,4,'0',1),('2017-05-29 17:15:43',2834,5,'0',1),('2017-05-29 17:15:48',2835,1,'1017',2),('2017-05-29 17:15:48',2836,2,'22',2),('2017-05-29 17:15:48',2837,3,'46',2),('2017-05-29 17:15:48',2838,4,'0',2),('2017-05-29 17:15:48',2839,5,'0',2),('2017-05-29 17:16:43',2840,1,'287',1),('2017-05-29 17:16:43',2841,2,'20',1),('2017-05-29 17:16:43',2842,3,'61',1),('2017-05-29 17:16:43',2843,4,'0',1),('2017-05-29 17:16:43',2844,5,'0',1),('2017-05-29 17:16:48',2845,1,'1102',2),('2017-05-29 17:16:48',2846,2,'20',2),('2017-05-29 17:16:48',2847,3,'47',2),('2017-05-29 17:16:48',2848,4,'0',2),('2017-05-29 17:16:48',2849,5,'0',2),('2017-05-29 17:17:43',2850,1,'290',1),('2017-05-29 17:17:43',2851,2,'20',1),('2017-05-29 17:17:43',2852,3,'68',1),('2017-05-29 17:17:43',2853,4,'0',1),('2017-05-29 17:17:43',2854,5,'0',1),('2017-05-29 17:17:48',2855,1,'1081',2),('2017-05-29 17:17:48',2856,2,'20',2),('2017-05-29 17:17:48',2857,3,'50',2),('2017-05-29 17:17:48',2858,4,'0',2),('2017-05-29 17:17:48',2859,5,'0',2),('2017-05-29 17:18:43',2860,1,'298',1),('2017-05-29 17:18:43',2861,2,'20',1),('2017-05-29 17:18:43',2862,3,'70',1),('2017-05-29 17:18:43',2863,4,'0',1),('2017-05-29 17:18:43',2864,5,'0',1),('2017-05-29 17:18:48',2865,1,'1078',2),('2017-05-29 17:18:48',2866,2,'22',2),('2017-05-29 17:18:48',2867,3,'48',2),('2017-05-29 17:18:48',2868,4,'0',2),('2017-05-29 17:18:48',2869,5,'0',2),('2017-05-29 17:19:43',2870,1,'301',1),('2017-05-29 17:19:43',2871,2,'19',1),('2017-05-29 17:19:43',2872,3,'66',1),('2017-05-29 17:19:43',2873,4,'0',1),('2017-05-29 17:19:43',2874,5,'0',1),('2017-05-29 17:19:48',2875,1,'1018',2),('2017-05-29 17:19:48',2876,2,'19',2),('2017-05-29 17:19:48',2877,3,'46',2),('2017-05-29 17:19:48',2878,4,'0',2),('2017-05-29 17:19:48',2879,5,'0',2),('2017-05-29 17:20:43',2880,1,'267',1),('2017-05-29 17:20:43',2881,2,'16',1),('2017-05-29 17:20:43',2882,3,'75',1),('2017-05-29 17:20:43',2883,4,'0',1),('2017-05-29 17:20:43',2884,5,'0',1),('2017-05-29 17:20:48',2885,1,'1072',2),('2017-05-29 17:20:48',2886,2,'20',2),('2017-05-29 17:20:48',2887,3,'48',2),('2017-05-29 17:20:48',2888,4,'0',2),('2017-05-29 17:20:48',2889,5,'0',2),('2017-05-29 17:21:43',2890,1,'306',1),('2017-05-29 17:21:43',2891,2,'19',1),('2017-05-29 17:21:43',2892,3,'72',1),('2017-05-29 17:21:43',2893,4,'0',1),('2017-05-29 17:21:43',2894,5,'0',1),('2017-05-29 17:21:48',2895,1,'1081',2),('2017-05-29 17:21:48',2896,2,'20',2),('2017-05-29 17:21:48',2897,3,'45',2),('2017-05-29 17:21:48',2898,4,'0',2),('2017-05-29 17:21:48',2899,5,'0',2),('2017-05-29 17:22:43',2900,1,'251',1),('2017-05-29 17:22:43',2901,2,'17',1),('2017-05-29 17:22:43',2902,3,'73',1),('2017-05-29 17:22:43',2903,4,'0',1),('2017-05-29 17:22:43',2904,5,'0',1),('2017-05-29 17:22:48',2905,1,'1084',2),('2017-05-29 17:22:48',2906,2,'20',2),('2017-05-29 17:22:48',2907,3,'49',2),('2017-05-29 17:22:48',2908,4,'0',2),('2017-05-29 17:22:48',2909,5,'0',2),('2017-05-29 17:23:43',2910,1,'248',1),('2017-05-29 17:23:43',2911,2,'19',1),('2017-05-29 17:23:43',2912,3,'73',1),('2017-05-29 17:23:43',2913,4,'0',1),('2017-05-29 17:23:43',2914,5,'0',1),('2017-05-29 17:23:48',2915,1,'1041',2),('2017-05-29 17:23:48',2916,2,'20',2),('2017-05-29 17:23:48',2917,3,'47',2),('2017-05-29 17:23:48',2918,4,'0',2),('2017-05-29 17:23:48',2919,5,'0',2),('2017-05-29 17:24:43',2920,1,'279',1),('2017-05-29 17:24:43',2921,2,'17',1),('2017-05-29 17:24:43',2922,3,'66',1),('2017-05-29 17:24:43',2923,4,'0',1),('2017-05-29 17:24:43',2924,5,'0',1),('2017-05-29 17:24:48',2925,1,'1092',2),('2017-05-29 17:24:48',2926,2,'20',2),('2017-05-29 17:24:48',2927,3,'48',2),('2017-05-29 17:24:48',2928,4,'0',2),('2017-05-29 17:24:48',2929,5,'0',2),('2017-05-29 17:25:43',2930,1,'287',1),('2017-05-29 17:25:43',2931,2,'16',1),('2017-05-29 17:25:43',2932,3,'74',1),('2017-05-29 17:25:43',2933,4,'0',1),('2017-05-29 17:25:43',2934,5,'0',1),('2017-05-29 17:25:48',2935,1,'1101',2),('2017-05-29 17:25:48',2936,2,'19',2),('2017-05-29 17:25:48',2937,3,'46',2),('2017-05-29 17:25:48',2938,4,'0',2),('2017-05-29 17:25:48',2939,5,'0',2),('2017-05-29 17:26:43',2940,1,'225',1),('2017-05-29 17:26:43',2941,2,'19',1),('2017-05-29 17:26:43',2942,3,'67',1),('2017-05-29 17:26:43',2943,4,'0',1),('2017-05-29 17:26:43',2944,5,'0',1),('2017-05-29 17:26:48',2945,1,'1107',2),('2017-05-29 17:26:48',2946,2,'21',2),('2017-05-29 17:26:48',2947,3,'49',2),('2017-05-29 17:26:48',2948,4,'0',2),('2017-05-29 17:26:48',2949,5,'0',2),('2017-05-29 17:27:43',2950,1,'277',1),('2017-05-29 17:27:43',2951,2,'19',1),('2017-05-29 17:27:43',2952,3,'59',1),('2017-05-29 17:27:43',2953,4,'0',1),('2017-05-29 17:27:43',2954,5,'0',1),('2017-05-29 17:27:48',2955,1,'1098',2),('2017-05-29 17:27:48',2956,2,'20',2),('2017-05-29 17:27:48',2957,3,'48',2),('2017-05-29 17:27:48',2958,4,'0',2),('2017-05-29 17:27:48',2959,5,'0',2),('2017-05-29 17:28:43',2960,1,'266',1),('2017-05-29 17:28:43',2961,2,'22',1),('2017-05-29 17:28:43',2962,3,'67',1),('2017-05-29 17:28:43',2963,4,'0',1),('2017-05-29 17:28:43',2964,5,'0',1),('2017-05-29 17:28:48',2965,1,'1072',2),('2017-05-29 17:28:48',2966,2,'19',2),('2017-05-29 17:28:48',2967,3,'47',2),('2017-05-29 17:28:48',2968,4,'0',2),('2017-05-29 17:28:48',2969,5,'0',2),('2017-05-29 17:29:43',2970,1,'306',1),('2017-05-29 17:29:43',2971,2,'18',1),('2017-05-29 17:29:43',2972,3,'66',1),('2017-05-29 17:29:43',2973,4,'0',1),('2017-05-29 17:29:43',2974,5,'0',1),('2017-05-29 17:29:48',2975,1,'1056',2),('2017-05-29 17:29:48',2976,2,'20',2),('2017-05-29 17:29:48',2977,3,'48',2),('2017-05-29 17:29:48',2978,4,'0',2),('2017-05-29 17:29:48',2979,5,'0',2),('2017-05-29 17:30:43',2980,1,'279',1),('2017-05-29 17:30:43',2981,2,'17',1),('2017-05-29 17:30:43',2982,3,'71',1),('2017-05-29 17:30:43',2983,4,'0',1),('2017-05-29 17:30:43',2984,5,'0',1),('2017-05-29 17:30:48',2985,1,'1066',2),('2017-05-29 17:30:48',2986,2,'21',2),('2017-05-29 17:30:48',2987,3,'48',2),('2017-05-29 17:30:48',2988,4,'0',2),('2017-05-29 17:30:48',2989,5,'0',2),('2017-05-29 17:31:43',2990,1,'226',1),('2017-05-29 17:31:43',2991,2,'19',1),('2017-05-29 17:31:43',2992,3,'70',1),('2017-05-29 17:31:43',2993,4,'0',1),('2017-05-29 17:31:43',2994,5,'0',1),('2017-05-29 17:31:48',2995,1,'1092',2),('2017-05-29 17:31:48',2996,2,'23',2),('2017-05-29 17:31:48',2997,3,'48',2),('2017-05-29 17:31:48',2998,4,'0',2),('2017-05-29 17:31:48',2999,5,'0',2),('2017-05-29 17:32:43',3000,1,'248',1),('2017-05-29 17:32:43',3001,2,'20',1),('2017-05-29 17:32:43',3002,3,'68',1),('2017-05-29 17:32:43',3003,4,'0',1),('2017-05-29 17:32:43',3004,5,'0',1),('2017-05-29 17:32:48',3005,1,'1057',2),('2017-05-29 17:32:48',3006,2,'19',2),('2017-05-29 17:32:48',3007,3,'46',2),('2017-05-29 17:32:48',3008,4,'0',2),('2017-05-29 17:32:48',3009,5,'0',2),('2017-05-29 17:33:43',3010,1,'308',1),('2017-05-29 17:33:43',3011,2,'21',1),('2017-05-29 17:33:43',3012,3,'77',1),('2017-05-29 17:33:43',3013,4,'0',1),('2017-05-29 17:33:43',3014,5,'0',1),('2017-05-29 17:33:48',3015,1,'1072',2),('2017-05-29 17:33:48',3016,2,'21',2),('2017-05-29 17:33:48',3017,3,'50',2),('2017-05-29 17:33:48',3018,4,'0',2),('2017-05-29 17:33:48',3019,5,'0',2),('2017-05-29 17:34:43',3020,1,'300',1),('2017-05-29 17:34:43',3021,2,'19',1),('2017-05-29 17:34:43',3022,3,'69',1),('2017-05-29 17:34:43',3023,4,'0',1),('2017-05-29 17:34:43',3024,5,'0',1),('2017-05-29 17:34:48',3025,1,'1123',2),('2017-05-29 17:34:48',3026,2,'20',2),('2017-05-29 17:34:48',3027,3,'45',2),('2017-05-29 17:34:48',3028,4,'0',2),('2017-05-29 17:34:48',3029,5,'0',2),('2017-05-29 17:35:43',3030,1,'270',1),('2017-05-29 17:35:43',3031,2,'17',1),('2017-05-29 17:35:43',3032,3,'68',1),('2017-05-29 17:35:43',3033,4,'0',1),('2017-05-29 17:35:43',3034,5,'0',1),('2017-05-29 17:35:48',3035,1,'1101',2),('2017-05-29 17:35:48',3036,2,'21',2),('2017-05-29 17:35:48',3037,3,'50',2),('2017-05-29 17:35:48',3038,4,'0',2),('2017-05-29 17:35:48',3039,5,'0',2),('2017-05-29 17:36:43',3040,1,'294',1),('2017-05-29 17:36:43',3041,2,'20',1),('2017-05-29 17:36:43',3042,3,'75',1),('2017-05-29 17:36:43',3043,4,'0',1),('2017-05-29 17:36:43',3044,5,'0',1),('2017-05-29 17:36:48',3045,1,'1069',2),('2017-05-29 17:36:48',3046,2,'22',2),('2017-05-29 17:36:48',3047,3,'45',2),('2017-05-29 17:36:48',3048,4,'0',2),('2017-05-29 17:36:48',3049,5,'0',2),('2017-05-29 17:37:38',3050,6,'1575',1),('2017-05-29 17:38:43',3051,1,'248',1),('2017-05-29 17:38:43',3052,2,'18',1),('2017-05-29 17:38:43',3053,3,'66',1),('2017-05-29 17:38:43',3054,4,'0',1),('2017-05-29 17:38:43',3055,5,'0',1),('2017-05-29 17:38:48',3056,1,'1072',2),('2017-05-29 17:38:48',3057,2,'21',2),('2017-05-29 17:38:48',3058,3,'48',2),('2017-05-29 17:38:48',3059,4,'0',2),('2017-05-29 17:38:48',3060,5,'0',2),('2017-05-29 17:39:43',3061,1,'280',1),('2017-05-29 17:39:43',3062,2,'20',1),('2017-05-29 17:39:43',3063,3,'69',1),('2017-05-29 17:39:43',3064,4,'0',1),('2017-05-29 17:39:43',3065,5,'0',1),('2017-05-29 17:39:43',3066,1,'280',1),('2017-05-29 17:39:43',3067,2,'20',1),('2017-05-29 17:39:43',3068,3,'69',1),('2017-05-29 17:39:43',3069,4,'0',1),('2017-05-29 17:39:43',3070,5,'0',1),('2017-05-29 17:39:48',3071,1,'1065',2),('2017-05-29 17:39:48',3072,1,'1065',2),('2017-05-29 17:39:48',3073,2,'24',2),('2017-05-29 17:39:48',3074,2,'24',2),('2017-05-29 17:39:48',3075,3,'52',2),('2017-05-29 17:39:48',3076,3,'52',2),('2017-05-29 17:39:48',3077,4,'0',2),('2017-05-29 17:39:48',3078,4,'0',2),('2017-05-29 17:39:48',3079,5,'0',2),('2017-05-29 17:39:48',3080,5,'0',2),('2017-05-29 18:04:43',3081,1,'302',1),('2017-05-29 18:04:43',3082,2,'20',1),('2017-05-29 18:04:43',3083,3,'66',1),('2017-05-29 18:04:43',3084,4,'0',1),('2017-05-29 18:04:43',3085,5,'0',1),('2017-05-29 18:04:48',3086,1,'1071',2),('2017-05-29 18:04:48',3087,2,'22',2),('2017-05-29 18:04:48',3088,3,'49',2),('2017-05-29 18:04:48',3089,4,'0',2),('2017-05-29 18:04:48',3090,5,'0',2),('2017-05-29 18:05:43',3091,1,'295',1),('2017-05-29 18:05:43',3092,2,'17',1),('2017-05-29 18:05:43',3093,3,'69',1),('2017-05-29 18:05:43',3094,4,'0',1),('2017-05-29 18:05:43',3095,5,'0',1),('2017-05-29 18:05:48',3096,1,'1083',2),('2017-05-29 18:05:48',3097,2,'20',2),('2017-05-29 18:05:48',3098,3,'50',2),('2017-05-29 18:05:48',3099,4,'0',2),('2017-05-29 18:05:48',3100,5,'0',2),('2017-05-29 18:10:43',3101,1,'284',1),('2017-05-29 18:10:43',3102,2,'14',1),('2017-05-29 18:10:43',3103,3,'67',1),('2017-05-29 18:10:43',3104,4,'0',1),('2017-05-29 18:10:43',3105,5,'0',1),('2017-05-29 18:10:48',3106,1,'1090',2),('2017-05-29 18:10:48',3107,2,'20',2),('2017-05-29 18:10:48',3108,3,'51',2),('2017-05-29 18:10:48',3109,4,'0',2),('2017-05-29 18:10:48',3110,5,'0',2),('2017-05-29 18:11:43',3111,1,'248',1),('2017-05-29 18:11:43',3112,2,'17',1),('2017-05-29 18:11:43',3113,3,'71',1),('2017-05-29 18:11:43',3114,4,'0',1),('2017-05-29 18:11:43',3115,5,'0',1),('2017-05-29 18:11:48',3116,1,'1080',2),('2017-05-29 18:11:48',3117,2,'19',2),('2017-05-29 18:11:48',3118,3,'48',2),('2017-05-29 18:11:48',3119,4,'0',2),('2017-05-29 18:11:48',3120,5,'0',2),('2017-05-29 18:12:43',3121,1,'254',1),('2017-05-29 18:12:43',3122,2,'19',1),('2017-05-29 18:12:43',3123,3,'76',1),('2017-05-29 18:12:43',3124,4,'0',1),('2017-05-29 18:12:43',3125,5,'0',1),('2017-05-29 18:12:48',3126,1,'1072',2),('2017-05-29 18:12:48',3127,2,'20',2),('2017-05-29 18:12:48',3128,3,'45',2),('2017-05-29 18:12:48',3129,4,'0',2),('2017-05-29 18:12:48',3130,5,'0',2),('2017-05-29 18:13:43',3131,1,'255',1),('2017-05-29 18:13:43',3132,2,'19',1),('2017-05-29 18:13:43',3133,3,'73',1),('2017-05-29 18:13:43',3134,4,'0',1),('2017-05-29 18:13:43',3135,5,'0',1),('2017-05-29 18:13:48',3136,1,'1087',2),('2017-05-29 18:13:48',3137,2,'20',2),('2017-05-29 18:13:48',3138,3,'51',2),('2017-05-29 18:13:48',3139,4,'0',2),('2017-05-29 18:13:48',3140,5,'0',2),('2017-05-29 18:14:43',3141,1,'248',1),('2017-05-29 18:14:43',3142,2,'19',1),('2017-05-29 18:14:43',3143,3,'76',1),('2017-05-29 18:14:43',3144,4,'0',1),('2017-05-29 18:14:43',3145,5,'0',1),('2017-05-29 18:14:48',3146,1,'1035',2),('2017-05-29 18:14:48',3147,2,'20',2),('2017-05-29 18:14:48',3148,3,'41',2),('2017-05-29 18:14:48',3149,4,'0',2),('2017-05-29 18:14:48',3150,5,'0',2),('2017-05-29 18:15:43',3151,1,'287',1),('2017-05-29 18:15:43',3152,2,'17',1),('2017-05-29 18:15:43',3153,3,'71',1),('2017-05-29 18:15:43',3154,4,'0',1),('2017-05-29 18:15:43',3155,5,'0',1),('2017-05-29 18:15:48',3156,1,'1068',2),('2017-05-29 18:15:48',3157,2,'21',2),('2017-05-29 18:15:48',3158,3,'48',2),('2017-05-29 18:15:48',3159,4,'0',2),('2017-05-29 18:15:48',3160,5,'0',2),('2017-05-29 18:16:43',3161,1,'337',1),('2017-05-29 18:16:43',3162,2,'14',1),('2017-05-29 18:16:43',3163,3,'68',1),('2017-05-29 18:16:43',3164,4,'0',1),('2017-05-29 18:16:43',3165,5,'0',1),('2017-05-29 18:16:48',3166,1,'1078',2),('2017-05-29 18:16:48',3167,2,'21',2),('2017-05-29 18:16:48',3168,3,'44',2),('2017-05-29 18:16:48',3169,4,'0',2),('2017-05-29 18:16:48',3170,5,'0',2),('2017-05-29 18:17:43',3171,1,'256',1),('2017-05-29 18:17:43',3172,2,'19',1),('2017-05-29 18:17:43',3173,3,'72',1),('2017-05-29 18:17:43',3174,4,'0',1),('2017-05-29 18:17:43',3175,5,'0',1),('2017-05-29 18:17:48',3176,1,'1104',2),('2017-05-29 18:17:48',3177,2,'20',2),('2017-05-29 18:17:48',3178,3,'53',2),('2017-05-29 18:17:48',3179,4,'0',2),('2017-05-29 18:17:48',3180,5,'0',2),('2017-05-29 18:18:43',3181,1,'312',1),('2017-05-29 18:18:43',3182,2,'13',1),('2017-05-29 18:18:43',3183,3,'69',1),('2017-05-29 18:18:43',3184,4,'0',1),('2017-05-29 18:18:43',3185,5,'0',1),('2017-05-29 18:18:48',3186,1,'1032',2),('2017-05-29 18:18:48',3187,2,'20',2),('2017-05-29 18:18:48',3188,3,'51',2),('2017-05-29 18:18:48',3189,4,'0',2),('2017-05-29 18:18:48',3190,5,'0',2),('2017-05-29 18:19:43',3191,1,'271',1),('2017-05-29 18:19:43',3192,2,'20',1),('2017-05-29 18:19:43',3193,3,'67',1),('2017-05-29 18:19:43',3194,4,'0',1),('2017-05-29 18:19:43',3195,5,'0',1),('2017-05-29 18:19:48',3196,1,'1090',2),('2017-05-29 18:19:48',3197,2,'20',2),('2017-05-29 18:19:48',3198,3,'51',2),('2017-05-29 18:19:48',3199,4,'0',2),('2017-05-29 18:19:48',3200,5,'0',2),('2017-05-29 18:20:43',3201,1,'265',1),('2017-05-29 18:20:43',3202,2,'14',1),('2017-05-29 18:20:43',3203,3,'69',1),('2017-05-29 18:20:43',3204,4,'0',1),('2017-05-29 18:20:43',3205,5,'0',1),('2017-05-29 18:20:48',3206,1,'1102',2),('2017-05-29 18:20:48',3207,2,'21',2),('2017-05-29 18:20:48',3208,3,'49',2),('2017-05-29 18:20:48',3209,4,'0',2),('2017-05-29 18:20:48',3210,5,'0',2),('2017-05-29 18:21:43',3211,1,'237',1),('2017-05-29 18:21:43',3212,2,'13',1),('2017-05-29 18:21:43',3213,3,'73',1),('2017-05-29 18:21:43',3214,4,'0',1),('2017-05-29 18:21:43',3215,5,'0',1),('2017-05-29 18:21:48',3216,1,'1072',2),('2017-05-29 18:21:48',3217,2,'21',2),('2017-05-29 18:21:48',3218,3,'53',2),('2017-05-29 18:21:48',3219,4,'0',2),('2017-05-29 18:21:48',3220,5,'0',2),('2017-05-29 18:22:43',3221,1,'279',1),('2017-05-29 18:22:43',3222,2,'20',1),('2017-05-29 18:22:43',3223,3,'71',1),('2017-05-29 18:22:43',3224,4,'0',1),('2017-05-29 18:22:43',3225,5,'0',1),('2017-05-29 18:22:48',3226,1,'999',2),('2017-05-29 18:22:48',3227,2,'21',2),('2017-05-29 18:22:48',3228,3,'50',2),('2017-05-29 18:22:48',3229,4,'0',2),('2017-05-29 18:22:48',3230,5,'0',2),('2017-05-29 18:23:43',3231,1,'256',1),('2017-05-29 18:23:43',3232,2,'18',1),('2017-05-29 18:23:43',3233,3,'78',1),('2017-05-29 18:23:43',3234,4,'0',1),('2017-05-29 18:23:43',3235,5,'0',1),('2017-05-29 18:23:48',3236,1,'1134',2),('2017-05-29 18:23:48',3237,2,'21',2),('2017-05-29 18:23:48',3238,3,'51',2),('2017-05-29 18:23:48',3239,4,'0',2),('2017-05-29 18:23:48',3240,5,'0',2),('2017-05-29 18:24:43',3241,1,'255',1),('2017-05-29 18:24:43',3242,2,'15',1),('2017-05-29 18:24:43',3243,3,'71',1),('2017-05-29 18:24:43',3244,4,'0',1),('2017-05-29 18:24:43',3245,5,'0',1),('2017-05-29 18:24:48',3246,1,'1119',2),('2017-05-29 18:24:48',3247,2,'22',2),('2017-05-29 18:24:48',3248,3,'47',2),('2017-05-29 18:24:48',3249,4,'0',2),('2017-05-29 18:24:48',3250,5,'0',2),('2017-05-29 18:35:43',3251,1,'271',1),('2017-05-29 18:35:43',3252,2,'18',1),('2017-05-29 18:35:43',3253,3,'72',1),('2017-05-29 18:35:43',3254,4,'0',1),('2017-05-29 18:35:43',3255,5,'0',1),('2017-05-29 18:35:48',3256,1,'1126',2),('2017-05-29 18:35:48',3257,2,'22',2),('2017-05-29 18:35:48',3258,3,'53',2),('2017-05-29 18:35:48',3259,4,'0',2),('2017-05-29 18:35:48',3260,5,'0',2),('2017-05-29 18:36:43',3261,1,'290',1),('2017-05-29 18:36:43',3262,2,'17',1),('2017-05-29 18:36:43',3263,3,'69',1),('2017-05-29 18:36:43',3264,4,'0',1),('2017-05-29 18:36:43',3265,5,'0',1),('2017-05-29 18:36:48',3266,1,'1092',2),('2017-05-29 18:36:48',3267,2,'20',2),('2017-05-29 18:36:48',3268,3,'46',2),('2017-05-29 18:36:48',3269,4,'0',2),('2017-05-29 18:36:48',3270,5,'0',2),('2017-05-29 18:37:38',3271,6,'1756',1),('2017-05-29 18:39:48',3272,1,'1042',2),('2017-05-29 18:39:48',3273,2,'21',2),('2017-05-29 18:39:48',3274,3,'46',2),('2017-05-29 18:39:48',3275,4,'0',2),('2017-05-29 18:39:48',3276,5,'0',2),('2017-05-29 18:40:43',3277,1,'297',1),('2017-05-29 18:40:43',3278,2,'18',1),('2017-05-29 18:40:43',3279,3,'70',1),('2017-05-29 18:40:43',3280,4,'0',1),('2017-05-29 18:40:43',3281,5,'0',1),('2017-05-29 18:40:48',3282,1,'1104',2),('2017-05-29 18:40:48',3283,2,'21',2),('2017-05-29 18:40:48',3284,3,'48',2),('2017-05-29 18:40:48',3285,4,'0',2),('2017-05-29 18:40:48',3286,5,'0',2),('2017-05-29 18:41:43',3287,1,'376',1),('2017-05-29 18:41:43',3288,2,'17',1),('2017-05-29 18:41:43',3289,3,'64',1),('2017-05-29 18:41:43',3290,4,'0',1),('2017-05-29 18:41:43',3291,5,'0',1),('2017-05-29 18:41:48',3292,1,'1068',2),('2017-05-29 18:41:48',3293,2,'20',2),('2017-05-29 18:41:48',3294,3,'48',2),('2017-05-29 18:41:48',3295,4,'0',2),('2017-05-29 18:41:48',3296,5,'0',2),('2017-05-29 18:45:43',3297,1,'316',1),('2017-05-29 18:45:43',3298,2,'18',1),('2017-05-29 18:45:43',3299,3,'71',1),('2017-05-29 18:45:43',3300,4,'0',1),('2017-05-29 18:45:43',3301,5,'0',1),('2017-05-29 18:45:48',3302,1,'1062',2),('2017-05-29 18:45:48',3303,2,'20',2),('2017-05-29 18:45:48',3304,3,'47',2),('2017-05-29 18:45:48',3305,4,'0',2),('2017-05-29 18:45:48',3306,5,'0',2),('2017-05-29 18:46:43',3307,1,'272',1),('2017-05-29 18:46:43',3308,2,'16',1),('2017-05-29 18:46:43',3309,3,'70',1),('2017-05-29 18:46:43',3310,4,'0',1),('2017-05-29 18:46:43',3311,5,'0',1),('2017-05-29 18:46:48',3312,1,'1098',2),('2017-05-29 18:46:48',3313,2,'21',2),('2017-05-29 18:46:48',3314,3,'43',2),('2017-05-29 18:46:48',3315,4,'0',2),('2017-05-29 18:46:48',3316,5,'0',2),('2017-05-29 18:47:43',3317,1,'310',1),('2017-05-29 18:47:43',3318,2,'16',1),('2017-05-29 18:47:43',3319,3,'73',1),('2017-05-29 18:47:43',3320,4,'0',1),('2017-05-29 18:47:43',3321,5,'0',1),('2017-05-29 18:47:48',3322,1,'1119',2),('2017-05-29 18:47:48',3323,2,'21',2),('2017-05-29 18:47:48',3324,3,'50',2),('2017-05-29 18:47:48',3325,4,'0',2),('2017-05-29 18:47:48',3326,5,'0',2),('2017-05-29 18:48:43',3327,1,'308',1),('2017-05-29 18:48:43',3328,2,'14',1),('2017-05-29 18:48:43',3329,3,'65',1),('2017-05-29 18:48:43',3330,4,'0',1),('2017-05-29 18:48:43',3331,5,'0',1),('2017-05-29 18:48:48',3332,1,'1114',2),('2017-05-29 18:48:48',3333,2,'19',2),('2017-05-29 18:48:48',3334,3,'44',2),('2017-05-29 18:48:48',3335,4,'0',2),('2017-05-29 18:48:48',3336,5,'0',2),('2017-05-29 18:49:43',3337,1,'282',1),('2017-05-29 18:49:43',3338,2,'17',1),('2017-05-29 18:49:43',3339,3,'67',1),('2017-05-29 18:49:43',3340,4,'0',1),('2017-05-29 18:49:43',3341,5,'0',1),('2017-05-29 18:49:48',3342,1,'1044',2),('2017-05-29 18:49:48',3343,2,'21',2),('2017-05-29 18:49:48',3344,3,'50',2),('2017-05-29 18:49:48',3345,4,'0',2),('2017-05-29 18:49:48',3346,5,'0',2),('2017-05-30 10:46:44',3347,1,'332',1),('2017-05-30 10:46:44',3348,2,'20',1),('2017-05-30 10:46:44',3349,3,'28',1),('2017-05-30 10:46:44',3350,4,'0',1),('2017-05-30 10:46:44',3351,5,'0',1),('2017-05-30 10:46:48',3352,1,'675',2),('2017-05-30 10:46:48',3353,2,'13',2),('2017-05-30 10:46:48',3354,3,'70',2),('2017-05-30 10:46:48',3355,4,'0',2),('2017-05-30 10:46:48',3356,5,'0',2),('2017-05-30 10:47:44',3357,1,'413',1),('2017-05-30 10:47:44',3358,2,'20',1),('2017-05-30 10:47:44',3359,3,'32',1),('2017-05-30 10:47:44',3360,4,'0',1),('2017-05-30 10:47:44',3361,5,'0',1),('2017-05-30 10:47:48',3362,1,'687',2),('2017-05-30 10:47:48',3363,2,'14',2),('2017-05-30 10:47:48',3364,3,'69',2),('2017-05-30 10:47:48',3365,4,'0',2),('2017-05-30 10:47:48',3366,5,'0',2),('2017-05-30 10:48:44',3367,1,'384',1),('2017-05-30 10:48:44',3368,2,'22',1),('2017-05-30 10:48:44',3369,3,'30',1),('2017-05-30 10:48:44',3370,4,'0',1),('2017-05-30 10:48:44',3371,5,'0',1),('2017-05-30 10:48:48',3372,1,'679',2),('2017-05-30 10:48:48',3373,2,'16',2),('2017-05-30 10:48:48',3374,3,'63',2),('2017-05-30 10:48:48',3375,4,'0',2),('2017-05-30 10:48:48',3376,5,'0',2),('2017-05-30 10:49:44',3377,1,'421',1),('2017-05-30 10:49:44',3378,2,'20',1),('2017-05-30 10:49:44',3379,3,'35',1),('2017-05-30 10:49:44',3380,4,'0',1),('2017-05-30 10:49:44',3381,5,'0',1),('2017-05-30 10:49:48',3382,1,'711',2),('2017-05-30 10:49:48',3383,2,'14',2),('2017-05-30 10:49:48',3384,3,'67',2),('2017-05-30 10:49:48',3385,4,'0',2),('2017-05-30 10:49:48',3386,5,'0',2),('2017-05-30 10:50:44',3387,1,'423',1),('2017-05-30 10:50:44',3388,2,'21',1),('2017-05-30 10:50:44',3389,3,'35',1),('2017-05-30 10:50:44',3390,4,'0',1),('2017-05-30 10:50:44',3391,5,'0',1),('2017-05-30 10:50:48',3392,1,'643',2),('2017-05-30 10:50:48',3393,2,'15',2),('2017-05-30 10:50:48',3394,3,'63',2),('2017-05-30 10:50:48',3395,4,'0',2),('2017-05-30 10:50:48',3396,5,'0',2),('2017-05-30 10:51:44',3397,1,'437',1),('2017-05-30 10:51:44',3398,2,'20',1),('2017-05-30 10:51:44',3399,3,'43',1),('2017-05-30 10:51:44',3400,4,'0',1),('2017-05-30 10:51:44',3401,5,'0',1),('2017-05-30 10:51:48',3402,1,'682',2),('2017-05-30 10:51:48',3403,2,'22',2),('2017-05-30 10:51:48',3404,3,'68',2),('2017-05-30 10:51:48',3405,4,'0',2),('2017-05-30 10:51:48',3406,5,'0',2),('2017-05-30 10:52:44',3407,1,'373',1),('2017-05-30 10:52:44',3408,2,'23',1),('2017-05-30 10:52:44',3409,3,'32',1),('2017-05-30 10:52:44',3410,4,'0',1),('2017-05-30 10:52:44',3411,5,'0',1),('2017-05-30 10:52:48',3412,1,'651',2),('2017-05-30 10:52:48',3413,2,'20',2),('2017-05-30 10:52:48',3414,3,'70',2),('2017-05-30 10:52:48',3415,4,'0',2),('2017-05-30 10:52:48',3416,5,'0',2),('2017-05-30 10:53:44',3417,1,'379',1),('2017-05-30 10:53:44',3418,2,'22',1),('2017-05-30 10:53:44',3419,3,'37',1),('2017-05-30 10:53:44',3420,4,'0',1),('2017-05-30 10:53:44',3421,5,'0',1),('2017-05-30 10:53:48',3422,1,'637',2),('2017-05-30 10:53:48',3423,2,'19',2),('2017-05-30 10:53:48',3424,3,'64',2),('2017-05-30 10:53:48',3425,4,'0',2),('2017-05-30 10:53:48',3426,5,'0',2),('2017-05-30 10:54:44',3427,1,'550',1),('2017-05-30 10:54:44',3428,2,'21',1),('2017-05-30 10:54:44',3429,3,'29',1),('2017-05-30 10:54:44',3430,4,'0',1),('2017-05-30 10:54:44',3431,5,'0',1),('2017-05-30 10:54:48',3432,1,'654',2),('2017-05-30 10:54:48',3433,2,'21',2),('2017-05-30 10:54:48',3434,3,'64',2),('2017-05-30 10:54:48',3435,4,'0',2),('2017-05-30 10:54:48',3436,5,'0',2),('2017-05-30 10:55:44',3437,1,'430',1),('2017-05-30 10:55:44',3438,2,'23',1),('2017-05-30 10:55:44',3439,3,'33',1),('2017-05-30 10:55:44',3440,4,'0',1),('2017-05-30 10:55:44',3441,5,'0',1),('2017-05-30 10:55:48',3442,1,'472',2),('2017-05-30 10:55:48',3443,2,'20',2),('2017-05-30 10:55:48',3444,3,'65',2),('2017-05-30 10:55:48',3445,4,'0',2),('2017-05-30 10:55:48',3446,5,'0',2),('2017-05-30 10:56:44',3447,1,'402',1),('2017-05-30 10:56:44',3448,2,'22',1),('2017-05-30 10:56:44',3449,3,'32',1),('2017-05-30 10:56:44',3450,4,'0',1),('2017-05-30 10:56:44',3451,5,'0',1),('2017-05-30 10:56:48',3452,1,'417',2),('2017-05-30 10:56:48',3453,2,'16',2),('2017-05-30 10:56:48',3454,3,'66',2),('2017-05-30 10:56:48',3455,4,'0',2),('2017-05-30 10:56:48',3456,5,'0',2),('2017-05-30 10:57:44',3457,1,'365',1),('2017-05-30 10:57:44',3458,2,'24',1),('2017-05-30 10:57:44',3459,3,'35',1),('2017-05-30 10:57:44',3460,4,'0',1),('2017-05-30 10:57:44',3461,5,'0',1),('2017-05-30 10:57:48',3462,1,'447',2),('2017-05-30 10:57:48',3463,2,'20',2),('2017-05-30 10:57:48',3464,3,'66',2),('2017-05-30 10:57:48',3465,4,'0',2),('2017-05-30 10:57:48',3466,5,'0',2),('2017-05-30 10:58:42',3467,6,'82',2),('2017-05-30 11:05:44',3468,1,'430',1),('2017-05-30 11:05:44',3469,2,'23',1),('2017-05-30 11:05:44',3470,3,'28',1),('2017-05-30 11:05:44',3471,4,'0',1),('2017-05-30 11:05:44',3472,5,'0',1),('2017-05-30 11:05:48',3473,1,'474',2),('2017-05-30 11:05:48',3474,2,'21',2),('2017-05-30 11:05:48',3475,3,'68',2),('2017-05-30 11:05:48',3476,4,'0',2),('2017-05-30 11:05:48',3477,5,'0',2),('2017-05-30 11:10:44',3478,1,'428',1),('2017-05-30 11:10:44',3479,2,'21',1),('2017-05-30 11:10:44',3480,3,'41',1),('2017-05-30 11:10:44',3481,4,'0',1),('2017-05-30 11:10:44',3482,5,'0',1),('2017-05-30 11:10:48',3483,1,'476',2),('2017-05-30 11:10:48',3484,2,'17',2),('2017-05-30 11:10:48',3485,3,'67',2),('2017-05-30 11:10:48',3486,4,'0',2),('2017-05-30 11:10:48',3487,5,'0',2),('2017-05-30 11:12:44',3488,1,'361',1),('2017-05-30 11:12:44',3489,2,'21',1),('2017-05-30 11:12:44',3490,3,'33',1),('2017-05-30 11:12:44',3491,4,'0',1),('2017-05-30 11:12:44',3492,5,'0',1),('2017-05-30 11:12:48',3493,1,'478',2),('2017-05-30 11:12:48',3494,2,'18',2),('2017-05-30 11:12:48',3495,3,'62',2),('2017-05-30 11:12:48',3496,4,'0',2),('2017-05-30 11:12:48',3497,5,'0',2),('2017-05-30 11:13:44',3498,1,'388',1),('2017-05-30 11:13:44',3499,2,'22',1),('2017-05-30 11:13:44',3500,3,'35',1),('2017-05-30 11:13:44',3501,4,'0',1),('2017-05-30 11:13:44',3502,5,'0',1),('2017-05-30 11:13:48',3503,1,'452',2),('2017-05-30 11:13:48',3504,2,'18',2),('2017-05-30 11:13:48',3505,3,'68',2),('2017-05-30 11:13:48',3506,4,'0',2),('2017-05-30 11:13:48',3507,5,'0',2),('2017-05-30 11:14:44',3508,1,'354',1),('2017-05-30 11:14:44',3509,2,'22',1),('2017-05-30 11:14:44',3510,3,'28',1),('2017-05-30 11:14:44',3511,4,'0',1),('2017-05-30 11:14:44',3512,5,'0',1),('2017-05-30 11:14:48',3513,1,'458',2),('2017-05-30 11:14:48',3514,2,'20',2),('2017-05-30 11:14:48',3515,3,'64',2),('2017-05-30 11:14:48',3516,4,'0',2),('2017-05-30 11:14:48',3517,5,'0',2),('2017-05-30 11:15:44',3518,1,'368',1),('2017-05-30 11:15:44',3519,2,'20',1),('2017-05-30 11:15:44',3520,3,'32',1),('2017-05-30 11:15:44',3521,4,'0',1),('2017-05-30 11:15:44',3522,5,'0',1),('2017-05-30 11:15:48',3523,1,'447',2),('2017-05-30 11:15:48',3524,2,'19',2),('2017-05-30 11:15:48',3525,3,'72',2),('2017-05-30 11:15:48',3526,4,'0',2),('2017-05-30 11:15:48',3527,5,'0',2),('2017-05-30 11:16:44',3528,1,'401',1),('2017-05-30 11:16:44',3529,2,'19',1),('2017-05-30 11:16:44',3530,3,'40',1),('2017-05-30 11:16:44',3531,4,'0',1),('2017-05-30 11:16:44',3532,5,'0',1),('2017-05-30 11:16:48',3533,1,'469',2),('2017-05-30 11:16:48',3534,2,'18',2),('2017-05-30 11:16:48',3535,3,'66',2),('2017-05-30 11:16:48',3536,4,'0',2),('2017-05-30 11:16:48',3537,5,'0',2),('2017-05-30 11:17:44',3538,1,'425',1),('2017-05-30 11:17:44',3539,2,'22',1),('2017-05-30 11:17:44',3540,3,'35',1),('2017-05-30 11:17:44',3541,4,'0',1),('2017-05-30 11:17:44',3542,5,'0',1),('2017-05-30 11:17:48',3543,1,'473',2),('2017-05-30 11:17:48',3544,2,'17',2),('2017-05-30 11:17:48',3545,3,'70',2),('2017-05-30 11:17:48',3546,4,'0',2),('2017-05-30 11:17:48',3547,5,'0',2),('2017-05-30 11:18:44',3548,1,'423',1),('2017-05-30 11:18:44',3549,2,'23',1),('2017-05-30 11:18:44',3550,3,'34',1),('2017-05-30 11:18:44',3551,4,'0',1),('2017-05-30 11:18:44',3552,5,'0',1),('2017-05-30 11:18:48',3553,1,'480',2),('2017-05-30 11:18:48',3554,2,'20',2),('2017-05-30 11:18:48',3555,3,'65',2),('2017-05-30 11:18:48',3556,4,'0',2),('2017-05-30 11:18:48',3557,5,'0',2),('2017-05-30 11:19:44',3558,1,'404',1),('2017-05-30 11:19:44',3559,2,'22',1),('2017-05-30 11:19:44',3560,3,'26',1),('2017-05-30 11:19:44',3561,4,'0',1),('2017-05-30 11:19:44',3562,5,'0',1),('2017-05-30 11:19:48',3563,1,'456',2),('2017-05-30 11:19:48',3564,2,'17',2),('2017-05-30 11:19:48',3565,3,'67',2),('2017-05-30 11:19:48',3566,4,'0',2),('2017-05-30 11:19:48',3567,5,'0',2),('2017-05-30 11:20:44',3568,1,'347',1),('2017-05-30 11:20:44',3569,2,'21',1),('2017-05-30 11:20:44',3570,3,'31',1),('2017-05-30 11:20:44',3571,4,'0',1),('2017-05-30 11:20:44',3572,5,'0',1),('2017-05-30 11:20:48',3573,1,'438',2),('2017-05-30 11:20:48',3574,2,'21',2),('2017-05-30 11:20:48',3575,3,'67',2),('2017-05-30 11:20:48',3576,4,'0',2),('2017-05-30 11:20:48',3577,5,'0',2),('2017-05-30 11:21:44',3578,1,'438',1),('2017-05-30 11:21:44',3579,2,'24',1),('2017-05-30 11:21:44',3580,3,'36',1),('2017-05-30 11:21:44',3581,4,'0',1),('2017-05-30 11:21:44',3582,5,'0',1),('2017-05-30 11:21:48',3583,1,'447',2),('2017-05-30 11:21:48',3584,2,'22',2),('2017-05-30 11:21:48',3585,3,'65',2),('2017-05-30 11:21:48',3586,4,'0',2),('2017-05-30 11:21:48',3587,5,'0',2);
/*!40000 ALTER TABLE `VALUE` ENABLE KEYS */;
UNLOCK TABLES;
/*!40103 SET TIME_ZONE=@OLD_TIME_ZONE */;

/*!40101 SET SQL_MODE=@OLD_SQL_MODE */;
/*!40014 SET FOREIGN_KEY_CHECKS=@OLD_FOREIGN_KEY_CHECKS */;
/*!40014 SET UNIQUE_CHECKS=@OLD_UNIQUE_CHECKS */;
/*!40101 SET CHARACTER_SET_CLIENT=@OLD_CHARACTER_SET_CLIENT */;
/*!40101 SET CHARACTER_SET_RESULTS=@OLD_CHARACTER_SET_RESULTS */;
/*!40101 SET COLLATION_CONNECTION=@OLD_COLLATION_CONNECTION */;
/*!40111 SET SQL_NOTES=@OLD_SQL_NOTES */;

-- Dump completed on 2017-05-30 11:22:16
